óﬂòaå≥îN,êlå˚ìÆë‘ìùåv,,
è„ä™Å@éÄñSÅ@ëÊÇTÅDÇPÇQï\Å@éÄàˆÅiéÄàˆîNéüêÑà⁄ï™óﬁÅjï Ç…Ç›ÇΩê´ÅEîNéüï éÄñSêîãyÇ—éÄñSó¶Åiêlå˚10ñúëŒÅj
íçÅFÇPÅjéÄàˆï™óﬁÇÃâ¸ê≥Ç…ÇÊÇËÅAîNéüï î‰ärÇ…ÇÕäÆëSÇ»ì‡óeÇÃàÍívÇÇ›ÇÈÇ±Ç∆ÇÕÇ≈Ç´Ç»Ç¢ÅB
Å@Å@ÇQÅj1950îNÅiè∫òa25îNÅjÇÃî]ååä«éæä≥Ç…ÇÕÅAB46.bÅi352ÇÃàÍïîÅAB22ÇÃå„à‚è«ãyÇ—ÇPîNà»è„åoâﬂÇµÇΩÇ‡ÇÃÅjÇä‹ÇﬁÇΩÇﬂÅA1950îNÅiè∫òa25îNÅjïÒçêèëÇ∆ÇÕàÍívÇµÇ»Ç¢ÅB
Å@Å@ÇRÅj1994îNÅiïΩê¨ÇUîNÅjÇÃêSéæä≥ÇÃå∏è≠ÇÕÅAêVÇµÇ¢éÄñSêfífèë(éÄëÃåüàƒèë)(ïΩê¨ÇVîNÇPåéé{çs)Ç…Ç®ÇØÇÈÅuéÄñSÇÃå¥àˆóìÇ…ÇÕÅAéæä≥ÇÃèIññä˙ÇÃèÛë‘Ç∆ÇµÇƒÇÃêSïsëSÅA
Å@Å@Å@Å@åƒãzïsëSìôÇÕèëÇ©Ç»Ç¢Ç≈Ç≠ÇæÇ≥Ç¢ÅBÅvÇ∆Ç¢Ç§íçà”èëÇ´ÇÃÅAéñëOé¸ímÇÃâeãøÇ…ÇÊÇÈÇ‡ÇÃÇ∆çlÇ¶ÇÁÇÍÇÈÅB
Å@Å@ÇSÅjéÄàˆñºìôÇÕICD-10Åi2013îNî≈ÅjÇÃéÄàˆîNéüêÑà⁄ï™óﬁÇ…ÇÊÇÈÅB
Å@Å@ÇTÅj1943îNÅiè∫òa18îNÅjÇÃÇ›ÇÕäíëæÇä‹ÇﬁêîílÇ≈Ç†ÇËÅAe-StatÅiämíËêîÅjÇÃÅuëçóóÅvÇÃï\î‘çÜ è„ä™ ÇRÅ|ÇQÅ|ÇP Ç…Ç®ÇØÇÈéÄñSêîÇ∆ÇÕàÍívÇµÇ»Ç¢ÅB
Å@Å@ÇUÅj1944îNÅiè∫òa19îNÅjÅ`1946îNÅiè∫òa21îNÅjÇÕêÌç–Ç…ÇÊÇÈéëóøëré∏ìôéëóøïsîıÇÃÇΩÇﬂè»ó™ÇµÇΩÅB
Å@Å@ÇVÅj1947îNÅiè∫òa22îNÅjÅ`1972îNÅiè∫òa47îNÅjÇÕâ´ìÍåßÇä‹Ç‹Ç»Ç¢ÅB
Å@Å@ÇWÅjéÄñSëçêîÇ…ÇÕÅAéÄàˆîNéüêÑà⁄ï™óﬁà»äOÇÃéÄàˆÇä‹ÇﬁÅB
Å@Å@ÇXÅj1959îNÅiè∫òa34îNÅjà»ëOÇÕíjèóïsè⁄Çä‹ÇﬁÅB
Å@Å@10Åj2004ÅE2006ÅE2009Å`2017îNÅiïΩê¨16ÅE18ÅE21Å`29îNÅjÇÃìsìπï{åßÇ©ÇÁÇÃïÒçêòRÇÍÅi2019îNÇRåé29ì˙åˆï\ÅjÇ…ÇÊÇÈçƒèWåvÇçsÇ¡ÇΩÇ±Ç∆Ç…ÇÊÇËÅA2017îNÅiïΩê¨29îNÅjà»ëOÇÃïÒçêèëÇ∆ÇÕêîílÇ™àÍívÇµÇ»Ç¢â”èäÇ™Ç†ÇÈÅB
,éÄñSëçêî,,Hi01,,Hi02,,Hi03,,Hi04,,Hi05,,Hi06,,Hi07,,Hi08,,Hi09,,Hi10,,Hi11,,Hi12,,Hi13,,Hi14,,ÅiçƒåfÅjHi15,,Hi16,
,,,åãäj,,à´ê´êVê∂ï®ÅÉéÓ·áÅÑ,,ìúîAïa,,çÇååà≥ê´éæä≥,,êSéæä≥ÅiçÇååà≥ê´ÇèúÇ≠Åj,,î]ååä«éæä≥,,îxâä,,ñùê´ãCä«éxâäãyÇ—îxãCéÓ,,öbëß,,à›í◊·áãyÇ—è\ìÒéwí∞í◊·á,,äÃéæä≥,,êtïsëS,,òVêä,,ïsó∂ÇÃéñåÃ,,åí éñåÃ,,é©éE,
,éÄñSêî,éÄñSó¶,éÄñSêî,éÄñSó¶,éÄñSêî,éÄñSó¶,éÄñSêî,éÄñSó¶,éÄñSêî,éÄñSó¶,éÄñSêî,éÄñSó¶,éÄñSêî,éÄñSó¶,éÄñSêî,éÄñSó¶,éÄñSêî,éÄñSó¶,éÄñSêî,éÄñSó¶,éÄñSêî,éÄñSó¶,éÄñSêî,éÄñSó¶,éÄñSêî,éÄñSó¶,éÄñSêî,éÄñSó¶,éÄñSêî,éÄñSó¶,éÄñSêî,éÄñSó¶,éÄñSêî,éÄñSó¶
ëçêî
1899,932087,2147.5,67599,155.7,19382,44.7,...,...,...,...,21113,48.6,73989,170.5,43313,99.8,...,...,...,...,...,...,...,...,...,...,55189,127.2,21767,50.1,...,...,5932,13.7
1900,910744,2077.1,71771,163.7,20334,46.4,...,...,...,...,21107,48.1,69799,159.2,44853,102.3,...,...,...,...,...,...,...,...,...,...,57442,131,19874,45.3,...,...,5863,13.4
1901,925810,2087.1,76614,172.7,22149,49.9,...,...,...,...,21869,49.3,75250,169.6,49614,111.8,...,...,...,...,...,...,...,...,...,...,49412,111.4,17993,40.6,...,...,7847,17.7
1902,959126,2133.1,82559,183.6,24598,54.7,...,...,...,...,23837,53,74935,166.7,53502,119,...,...,...,...,...,...,...,...,...,...,52786,117.4,20035,44.6,...,...,8059,17.9
1903,931008,2044.1,85132,186.9,25550,56.1,...,...,...,...,23665,52,73939,162.3,48578,106.7,...,...,...,...,...,...,...,...,...,...,56490,124,20472,44.9,...,...,8814,19.4
1904,955400,2070.9,87260,189.1,25993,56.3,...,...,...,...,25435,55.1,77588,168.2,52152,113,...,...,...,...,...,...,...,...,...,...,63123,136.8,21327,46.2,...,...,8966,19.4
1905,1004661,2155,96030,206,26668,57.2,...,...,...,...,25888,55.5,76169,163.4,59877,128.4,...,...,...,...,...,...,...,...,...,...,65233,139.9,20469,43.9,...,...,8089,17.4
1906,955256,2030.8,96069,204.2,27863,59.2,...,...,...,...,25792,54.8,73449,156.1,53778,114.3,...,...,...,...,...,...,...,...,...,...,60199,128,21720,46.2,...,...,7657,16.3
1907,1016798,2144.4,96584,203.7,28451,60,...,...,...,...,28645,60.4,78580,165.7,62575,132,...,...,...,...,...,...,...,...,...,...,62991,132.8,22713,47.9,...,...,7999,16.9
1908,1029447,2146.2,98871,206.1,30440,63.5,...,...,...,...,28575,59.6,73760,153.8,66260,138.1,...,...,...,...,...,...,...,...,...,...,59197,123.4,22084,46,...,...,8324,17.4
1909,1091264,2247.5,113622,234,32797,67.5,1057,2.2,...,...,32580,67.1,67788,139.6,70676,145.6,...,...,6786,14,4960,10.2,8684,17.9,...,...,62487,128.7,21328,43.9,...,...,9141,18.8
1910,1064234,2163.8,113203,230.2,32998,67.1,1089,2.2,...,...,31976,65,64888,131.9,69888,142.1,...,...,6880,14,5079,10.3,8481,17.2,...,...,59117,120.2,22009,44.7,...,...,9372,19.1
1911,1043906,2094,110722,222.1,34219,68.6,1212,2.4,...,...,31555,63.3,65731,131.9,69621,139.7,...,...,6115,12.3,4884,9.8,9833,19.7,...,...,56792,113.9,22781,45.7,...,...,9373,18.8
1912,1037016,2050.4,114197,225.8,34444,68.1,1331,2.6,...,...,31223,61.7,67489,133.4,73902,146.1,...,...,6427,12.7,5117,10.1,10133,20,...,...,57765,114.2,23877,47.2,...,...,9475,18.7
1913,1027257,2002.3,110753,215.9,35712,69.6,1373,2.7,...,...,31092,60.6,66771,130.1,80548,157,...,...,6704,13.1,5131,10,9755,19,...,...,56791,110.7,22333,43.5,...,...,10367,20.2
1914,1101815,2117.3,113341,217.8,36931,71,1467,2.8,...,...,32476,62.4,68571,131.8,83646,160.7,...,...,6501,12.5,5410,10.4,10589,20.3,...,...,61574,118.3,25524,49,...,...,10902,20.9
1915,1093793,2073.5,115913,219.7,37789,71.6,1609,3.1,...,...,33586,63.7,67921,128.8,86014,163.1,...,...,6329,12,5218,9.9,10386,19.7,...,...,59346,112.5,24321,46.1,...,...,10153,19.2
1916,1187832,2220.4,121810,227.7,39410,73.7,1737,3.2,...,...,37022,69.2,73912,138.2,99489,186,...,...,7624,14.3,5721,10.7,10937,20.4,...,...,68370,127.8,23914,44.7,...,...,9599,17.9
1917,1199669,2216.1,124787,230.5,39365,72.7,1801,3.3,...,...,37862,69.9,77999,144.1,99236,183.3,...,...,7370,13.6,6121,11.3,10724,19.8,...,...,71628,132.3,26892,49.7,...,...,9254,17.1
1918,1493162,2727.8,140747,257.1,40281,73.6,1995,3.6,...,...,44760,81.8,86262,157.6,205533,375.5,...,...,9515,17.4,6126,11.2,10822,19.8,...,...,82073,149.9,27160,49.6,...,...,10101,18.5
1919,1281965,2329.4,132565,240.9,39438,71.7,1625,3,...,...,34426,62.6,84382,153.3,151063,274.5,...,...,6623,12,5783,10.5,9931,18,...,...,69431,126.2,25165,45.7,...,...,9924,18
1920,1422096,2541.1,125165,223.7,40648,72.6,1725,3.1,...,...,35540,63.5,88186,157.6,175674,313.9,...,...,7933,14.2,6245,11.2,11279,20.2,...,...,73468,131.3,26198,46.8,...,...,10630,19
1921,1288570,2274,120719,213,40877,72.1,1890,3.3,...,...,37420,66,90523,159.7,113709,200.7,...,...,7137,12.6,6704,11.8,11444,20.2,...,...,75654,133.5,24558,43.3,...,...,11358,20
1922,1286941,2242.4,125506,218.7,41116,71.6,1904,3.3,...,...,37312,65,91433,159.3,112642,196.3,...,...,8068,14.1,6386,11.1,11311,19.7,...,...,75957,132.4,25500,44.4,...,...,11546,20.1
1923,1332485,2292.7,118216,203.4,42231,72.7,1873,3.2,...,...,42184,72.6,94615,162.8,119263,205.2,16151,27.8,6452,11.1,7142,12.3,10457,18,...,...,76579,131.8,71322,122.7,...,...,11488,19.8
1924,1254946,2131.5,114229,194,41671,70.8,1963,3.3,...,...,40676,69.1,102810,174.6,123403,209.6,16580,28.2,6714,11.4,7391,12.6,10122,17.2,...,...,74003,125.7,25739,43.7,...,...,11261,19.1
1925,1210706,2026.7,115956,194.1,42177,70.6,1979,3.3,...,...,39895,66.8,96293,161.2,129129,216.2,17134,28.7,7421,12.4,7769,13,9667,16.2,...,...,70065,117.3,24982,41.8,...,...,12249,20.5
1926,1160734,1911,113045,186.1,43119,71,2045,3.4,...,...,37949,62.5,98688,162.5,108106,178,14778,24.3,6160,10.1,7837,12.9,9478,15.6,...,...,67576,111.3,25627,42.2,...,...,12484,20.6
1927,1214323,1969.4,119439,193.7,43351,70.3,2173,3.5,...,...,38971,63.2,101705,164.9,119960,194.6,15380,24.9,6701,10.9,8030,13,10002,16.2,...,...,74664,121.1,29327,47.6,...,...,12845,20.8
1928,1236711,1975.7,119632,191.1,45086,72,2171,3.5,...,...,39908,63.8,102985,164.5,125787,201,15073,24.1,6884,11,8610,13.8,10026,16,...,...,77251,123.4,26040,41.6,...,...,13032,20.8
1929,1261228,1987.4,123490,194.6,44299,69.8,2300,3.6,...,...,41532,65.4,108439,170.9,121181,191,15264,24.1,7043,11.1,8689,13.7,10181,16,...,...,79181,124.8,26634,42,...,...,12740,20.1
1930,1170867,1816.7,119635,185.6,45488,70.6,2247,3.5,...,...,41138,63.8,104942,162.8,101046,156.8,13529,21,6651,10.3,9190,14.3,10469,16.2,...,...,76591,118.8,26295,40.8,...,...,13942,21.6
1931,1240891,1895.7,121875,186.2,45164,69,2209,3.4,...,...,41867,64,107352,164,129380,197.7,14752,22.5,7994,12.2,9701,14.8,10045,15.3,...,...,85650,130.8,25270,38.6,...,...,14353,21.9
1932,1175344,1769.2,119196,179.4,45883,69.1,2331,3.5,...,...,38973,58.7,107378,161.6,112681,169.6,13174,19.8,6849,10.3,10056,15.1,10214,15.4,...,...,77529,116.7,26734,40.2,...,...,14746,22.2
1933,1193987,1770.7,126703,187.9,47705,70.7,2589,3.8,...,...,40111,59.5,110719,164.2,106247,157.6,11958,17.7,7422,11,10524,15.6,8375,12.4,...,...,82932,123,30220,44.8,...,...,14805,22
1934,1234684,1807.5,131525,192.5,48822,71.5,2718,4,...,...,42519,62.2,114447,167.5,124117,181.7,12749,18.7,8647,12.7,11329,16.6,8270,12.1,...,...,87045,127.4,32029,46.9,...,...,14554,21.3
1935,1161936,1677.8,132151,190.8,50080,72.3,2527,3.6,...,...,39902,57.6,114554,165.4,105078,151.7,11780,17,7679,11.1,11276,16.3,8074,11.7,...,...,78972,114,29023,41.9,...,...,14172,20.5
1936,1230278,1754.7,145160,207,50203,71.6,2629,3.7,...,...,42910,61.2,118152,168.5,112204,160,12539,17.9,9485,13.5,11977,17.1,8446,12,...,...,91672,130.7,30193,43.1,...,...,15423,22
1937,1207899,1710.2,144620,204.8,51578,73,2812,4,...,...,42822,60.6,118761,168.1,108256,153.3,11237,15.9,8000,11.3,12322,17.4,8680,12.3,...,...,84478,119.6,30205,42.8,...,...,14295,20.2
1938,1259805,1774.1,148827,209.6,51358,72.3,3043,4.3,...,...,47461,66.8,126861,178.6,118153,166.4,12668,17.8,9648,13.6,13279,18.7,8680,12.2,...,...,98451,138.6,31700,44.6,...,...,12223,17.2
1939,1268760,1777.5,154371,216.3,52059,72.9,2795,3.9,...,...,47442,66.5,130826,183.3,131542,184.3,12123,17,10321,14.5,13222,18.5,8650,12.1,...,...,95173,133.3,29328,41.1,...,...,10785,15.1
1940,1186595,1649.6,153154,212.9,51879,72.1,2762,3.8,...,...,45542,63.3,127847,177.7,111077,154.4,10667,14.8,9172,12.8,12923,18,8824,12.3,...,...,89540,124.5,28408,39.5,...,...,9877,13.7
1941,1149559,1603.7,154344,215.3,52949,73.9,2657,3.7,...,...,42543,59.4,125124,174.6,104073,145.2,9948,13.9,9123,12.7,12900,18,8679,12.1,...,...,89673,125.1,28808,40.2,...,...,9713,13.6
1942,1166630,1611.7,161484,223.1,53897,74.5,2619,3.6,...,...,43487,60.1,125349,173.2,106022,146.5,10125,14,9660,13.3,14911,20.6,8970,12.4,...,...,95998,132.6,31134,43,...,...,9393,13
1943,1219073,1672.6,171473,235.3,53580,73.5,2477,3.4,...,...,45428,62.3,120985,166,116494,159.8,10036,13.8,10960,15,17106,23.5,8981,12.3,...,...,99162,136.1,33519,46,...,...,8784,12.1
1947,1138238,1457.4,146241,187.2,53886,69,1827,2.3,...,...,48575,62.2,101095,129.4,101601,130.1,9960,12.8,14234,18.2,25908,33.2,8762,11.2,...,...,78342,100.3,38533,49.3,4922,6.3,12262,15.7
1948,950610,1188.2,143909,179.9,56633,70.8,1789,2.2,...,...,49046,61.3,94329,117.9,52979,66.2,8385,10.5,11525,14.4,20705,25.9,9032,11.3,...,...,63639,79.5,38975,48.7,6197,7.7,12753,15.9
1949,945444,1156.2,138113,168.9,59889,73.2,1876,2.3,...,...,52763,64.5,100278,122.6,56213,68.7,7654,9.4,12002,14.7,19409,23.7,9576,11.7,...,...,65574,80.2,34277,41.9,5861,7.2,14201,17.4
1950,904876,1087.6,121769,146.4,64428,77.4,2034,2.4,9935,11.9,53377,64.2,105728,127.1,54169,65.1,7055,8.5,16233,19.5,19323,23.2,8630,10.4,...,...,58412,70.2,32850,39.5,7542,9.1,16311,19.6
1951,838998,992,93307,110.3,66354,78.5,2058,2.4,8865,10.5,53750,63.6,105858,125.2,50612,59.8,5804,6.9,14867,17.6,18297,21.6,8929,10.6,...,...,59796,70.7,31968,37.8,7861,9.3,15415,18.2
1952,765068,891.1,70558,82.2,69488,80.9,1993,2.3,8950,10.4,52603,61.3,110359,128.5,42880,49.9,4923,5.7,12837,15,16991,19.8,10048,11.7,...,...,59514,69.3,31215,36.4,8158,9.5,15776,18.4
1953,772547,887.6,57849,66.5,71578,82.2,2119,2.4,9343,10.7,56477,64.9,116351,133.7,46703,53.7,4829,5.5,15776,18.1,16230,18.6,10960,12.6,...,...,67514,77.6,34236,39.3,9238,10.6,17731,20.4
1954,721491,817.2,55124,62.4,75309,85.3,2040,2.3,9100,10.3,53128,60.2,116925,132.4,37719,42.7,3768,4.3,11321,12.8,14320,16.2,11657,13.2,...,...,61334,69.5,34812,39.4,11731,13.3,20635,23.4
1955,693523,776.8,46735,52.3,77721,87.1,2191,2.5,9073,10.2,54351,60.9,121504,136.1,34309,38.4,3446,3.9,11309,12.7,13387,15,11827,13.2,...,...,59932,67.1,33265,37.3,10500,11.8,22477,25.2
1956,724460,802.6,43874,48.6,81879,90.7,2556,2.8,10371,11.5,59543,66,133931,148.4,34870,38.6,3304,3.7,12047,13.3,13241,14.7,12599,14,...,...,68414,75.8,33258,36.8,11032,12.2,22107,24.5
1957,752445,826.1,42718,46.9,83155,91.3,2712,3,11158,12.2,66571,73.1,138181,151.7,43754,48,3340,3.7,14248,15.6,12888,14.1,12674,13.9,...,...,73283,80.5,34528,37.9,12256,13.5,22136,24.3
1958,684189,743.6,36274,39.4,87895,95.5,2664,2.9,12565,13.7,59603,64.8,136767,148.6,35252,38.3,2813,3.1,10164,11,11889,12.9,12463,13.5,...,...,51046,55.5,35785,38.9,13440,14.6,23641,25.7
1959,689959,742.1,32992,35.5,91286,98.2,2794,3,13503,14.5,62954,67.7,142858,153.7,34229,36.8,2517,2.7,9777,10.5,11325,12.2,12836,13.8,...,...,52687,56.7,41662,44.8,15442,16.6,21090,22.7
1960,706599,756.4,31959,34.2,93773,100.4,3195,3.4,15115,16.2,68400,73.2,150109,160.7,37534,40.2,2664,2.9,11221,12,11057,11.8,13389,14.3,...,...,54139,58,38964,41.7,17757,19,20143,21.6
1961,695644,737.8,27916,29.6,96442,102.3,3453,3.7,16083,17.1,68017,72.1,155966,165.4,31839,33.8,2539,2.7,9627,10.2,10336,11,13633,14.5,...,...,54880,58.2,41614,44.1,19056,20.2,18446,19.6
1962,710265,746.2,27852,29.3,98224,103.2,3823,4,17547,18.4,72493,76.2,161228,169.4,34839,36.6,3034,3.2,11513,12.1,10097,10.6,13549,14.2,...,...,54738,57.5,38393,40.3,17796,18.7,16724,17.6
1963,670770,697.6,23302,24.2,101426,105.5,3980,4.1,17469,18.2,67672,70.4,164818,171.4,26109,27.2,2620,2.7,8889,9.2,9600,10,13944,14.5,...,...,48466,50.4,39698,41.3,19071,19.8,15490,16.1
1964,673067,692.6,22929,23.6,104324,107.3,4610,4.7,18207,18.7,68328,70.3,166901,171.7,25547,26.3,2822,2.9,9096,9.4,9332,9.6,13945,14.3,...,...,46995,48.4,40437,41.6,20257,20.8,14707,15.1
1965,700438,712.7,22366,22.8,106536,108.4,5115,5.2,18987,19.3,75672,77,172773,175.8,29868,30.4,3016,3.1,10812,11,9165,9.3,13663,13.9,...,...,49092,50,40188,40.9,19516,19.9,14444,14.7
1966,670342,676.7,20064,20.3,109805,110.9,5750,5.8,18405,18.6,71188,71.9,172186,173.8,22654,22.9,2576,2.6,9113,9.2,8816,8.9,13853,14,...,...,44209,44.6,42547,43,21385,21.6,15050,15.2
1967,675006,677.5,17708,17.8,112593,113,6132,6.2,18211,18.3,75424,75.7,172464,173.1,23451,23.5,2741,2.8,9224,9.3,8739,8.8,14395,14.4,...,...,43129,43.3,41769,41.9,20535,20.6,14121,14.2
1968,686555,681.1,16922,16.8,115462,114.6,6403,6.4,18046,17.9,80866,80.2,174905,173.5,25188,25,3715,3.7,9395,9.3,8759,8.7,15470,15.3,...,...,39750,39.4,40564,40.2,21193,21,14601,14.5
1969,693787,680,16392,16.1,118559,116.2,7079,6.9,17374,17,83357,81.7,177894,174.4,25408,24.9,3814,3.7,8662,8.5,8439,8.3,16348,16,...,...,37817,37.1,43011,42.2,23336,22.9,14844,14.5
1970,712962,691.4,15899,15.4,119977,116.3,7642,7.4,18303,17.7,89411,86.7,181315,175.8,27929,27.1,3970,3.8,9113,8.8,7997,7.8,17097,16.6,...,...,39277,38.1,43802,42.5,24096,23.4,15728,15.3
1971,684521,656,13608,13,122850,117.7,7647,7.3,17386,16.7,85529,82,176952,169.6,23102,22.1,3847,3.7,7925,7.6,7388,7.1,16815,16.1,...,...,35457,34,42433,40.7,23763,22.8,16239,15.6
1972,683751,646.6,12565,11.9,127299,120.4,7875,7.4,17421,16.5,85885,81.2,176228,166.7,23204,21.9,3957,3.7,7353,7,7377,7,16911,16,...,...,32520,30.8,42431,40.1,22975,21.7,18015,17
1973,709416,656.4,11965,11.1,130964,121.2,8344,7.7,18891,17.5,94324,87.3,180332,166.9,26996,25,4115,3.8,7198,6.7,7207,6.7,17573,16.3,...,...,33415,30.9,40244,37.2,21283,19.7,18859,17.4
1974,710510,649.4,11418,10.4,133751,122.2,8954,8.2,20117,18.4,98251,89.8,178365,163,28557,26.1,4432,4.1,7347,6.7,7138,6.5,18039,16.5,...,...,32486,29.7,36085,33,17576,16.1,19105,17.5
1975,702275,631.2,10567,9.5,136383,122.6,9032,8.1,19831,17.8,99226,89.2,174367,156.7,30441,27.4,4392,3.9,6928,6.2,6865,6.2,18101,16.3,...,...,29916,26.9,33710,30.3,16191,14.6,19975,18
1976,703270,625.6,9578,8.5,140893,125.3,9183,8.2,19829,17.6,103638,92.2,173745,154.5,29913,26.6,4427,3.9,6948,6.2,6311,5.6,18280,16.3,...,...,29659,26.4,31489,28,14787,13.2,19786,17.6
1977,690074,608,8803,7.8,145772,128.4,9509,8.4,19333,17,103564,91.2,170029,149.8,26440,23.3,4442,3.9,6161,5.4,5924,5.2,18173,16,...,...,28381,25,30352,26.7,13859,12.2,20269,17.9
1978,695821,607.6,8261,7.2,150336,131.3,9685,8.5,18779,16.4,106786,93.3,167452,146.2,28241,24.7,4834,4.2,5768,5,5810,5.1,18789,16.4,...,...,27976,24.4,30017,26.2,13686,12,20199,17.6
1979,689664,597.3,6738,5.8,156661,135.7,8044,7,16143,14,111938,96.9,158974,137.7,27330,23.7,4464,3.9,5999,5.2,5502,4.8,18754,16.2,6047,5.2,29419,25.5,29227,25.3,13362,11.6,20823,18
1980,722801,621.4,6439,5.5,161764,139.1,8504,7.3,15911,13.7,123505,106.2,162317,139.5,33051,28.4,5100,4.4,6370,5.5,5530,4.8,18978,16.3,7048,6.1,32154,27.6,29217,25.1,13302,11.4,20542,17.7
1981,720262,614.5,5698,4.9,166399,142,8418,7.2,15289,13,126012,107.5,157351,134.3,33590,28.7,5291,4.5,6291,5.4,5446,4.6,19101,16.3,7811,6.7,29873,25.5,29089,24.8,13416,11.4,20096,17.1
1982,711883,603.2,5343,4.5,170130,144.2,8687,7.4,13771,11.7,125905,106.7,147537,125,35338,29.9,5662,4.8,6050,5.1,4778,4,18958,16.1,8866,7.5,27501,23.3,29197,24.7,13749,11.7,20668,17.5
1983,740038,623,5329,4.5,176206,148.3,8892,7.5,13482,11.3,132244,111.3,145880,122.8,40237,33.9,5989,5,6593,5.6,4859,4.1,19324,16.3,9892,8.3,29391,24.7,29668,25,14253,12,24985,21
1984,740247,619.3,4950,4.1,182280,152.5,9470,7.9,13073,10.9,136162,113.9,140093,117.2,38895,32.5,6280,5.3,6117,5.1,4606,3.9,19433,16.3,10457,8.7,28805,24.1,29344,24.6,13622,11.4,24344,20.4
1985,752283,625.5,4692,3.9,187714,156.1,9244,7.7,12700,10.6,141097,117.3,134994,112.2,45075,37.5,6953,5.8,6340,5.3,4493,3.7,19803,16.5,11508,9.6,27804,23.1,29597,24.6,14401,12,23383,19.4
1986,750620,620.6,4170,3.4,191654,158.5,9144,7.6,11689,9.7,142581,117.9,129289,106.9,47256,39.1,6733,5.6,6358,5.3,4227,3.5,19532,16.1,12057,10,26810,22.2,28610,23.7,13588,11.2,25667,21.2
1987,751172,618.1,4022,3.3,199563,164.2,9134,7.5,10734,8.8,143909,118.4,123626,101.7,49013,40.3,6614,5.4,6037,5,3874,3.2,19286,15.9,12627,10.4,25274,20.8,28255,23.2,13762,11.3,23831,19.6
1988,793014,649.9,3872,3.2,205470,168.4,9647,7.9,10258,8.4,157920,129.4,128695,105.5,57055,46.8,7217,5.9,6157,5,3688,3,19781,16.2,14224,11.7,26400,21.6,30212,24.8,14758,12.1,22795,18.7
1989,788594,644,3527,2.9,212625,173.6,9211,7.5,9271,7.6,156831,128.1,120652,98.5,58963,48.1,7231,5.9,5808,4.7,3665,3,19719,16.1,14853,12.1,23781,19.4,31049,25.4,15629,12.8,21125,17.3
1990,820305,668.4,3664,3,217413,177.2,9470,7.7,9246,7.5,165478,134.8,121944,99.4,68194,55.6,7834,6.4,5947,4.8,3615,2.9,19700,16.1,15575,12.7,24187,19.7,32122,26.2,15828,12.9,20088,16.4
1991,829797,674.1,3325,2.7,223727,181.7,9634,7.8,9083,7.4,168878,137.2,118448,96.2,70057,56.9,8182,6.6,5941,4.8,3687,3,19817,16.1,15560,12.6,23200,18.8,33155,26.9,15754,12.8,19875,16.1
1992,856643,693.8,3347,2.7,231917,187.8,9823,8,8688,7,175546,142.2,118058,95.6,74274,60.2,8172,6.6,5929,4.8,3581,2.9,20162,16.3,16945,13.7,23361,18.9,34677,28.1,15828,12.8,20893,16.9
1993,878532,709.7,3249,2.6,235707,190.4,10239,8.3,8360,6.8,180297,145.6,118794,96,81138,65.5,8540,6.9,6210,5,3680,3,19923,16.1,17157,13.9,23115,18.7,34717,28,15193,12.3,20516,16.6
1994,875933,706,3094,2.5,243670,196.4,10872,8.8,7938,6.4,159579,128.6,120239,96.9,83354,67.2,9212,7.4,5855,4.7,3678,3,19372,15.6,17376,14,23464,18.9,36115,29.1,14869,12,20923,16.9
1995,922139,741.9,3178,2.6,263022,211.6,14225,11.4,8222,6.6,139206,112,146552,117.9,79629,64.1,10977,8.8,7253,5.8,4314,3.5,17018,13.7,16187,13,21493,17.3,45323,36.5,15147,12.2,21420,17.2
1996,896211,718.6,2858,2.3,271183,217.5,12838,10.3,7245,5.8,138229,110.8,140366,112.6,70971,56.9,9923,8,5995,4.8,3918,3.1,16517,13.2,16196,13,20878,16.7,39184,31.4,14343,11.5,22138,17.8
1997,913402,730.9,2742,2.2,275413,220.4,12370,9.9,6884,5.5,140174,112.2,138697,111,78904,63.1,10197,8.2,5661,4.5,3876,3.1,16599,13.3,16615,13.3,21434,17.2,38886,31.1,13981,11.2,23494,18.8
1998,936484,747.7,2795,2.2,283921,226.7,12537,10,6716,5.4,143120,114.3,137819,110,79952,63.8,10155,8.1,5148,4.1,3871,3.1,16133,12.9,16638,13.3,21374,17.1,38925,31.1,13464,10.7,31755,25.4
1999,982031,782.9,2935,2.3,290556,231.6,12814,10.2,6650,5.3,151079,120.4,138989,110.8,93994,74.9,11197,8.9,5401,4.3,4053,3.2,16585,13.2,17704,14.1,22829,18.2,40079,32,13111,10.5,31413,25
2000,961653,765.6,2656,2.1,295484,235.2,12303,9.8,6063,4.8,146741,116.8,132529,105.5,86938,69.2,10877,8.7,4473,3.6,3869,3.1,16079,12.8,17260,13.7,21213,16.9,39484,31.4,12857,10.2,30251,24.1
2001,970331,770.7,2491,2,300658,238.8,12147,9.6,5857,4.7,148292,117.8,131856,104.7,85305,67.8,10944,8.7,4014,3.2,3886,3.1,15848,12.6,17690,14,22145,17.6,39496,31.4,12378,9.8,29375,23.3
2002,982379,779.6,2317,1.8,304568,241.7,12635,10,5621,4.5,152518,121,130257,103.4,87421,69.4,10833,8.6,3771,3,3740,3,15490,12.3,18185,14.4,22682,18,38643,30.7,11743,9.3,29949,23.8
2003,1014951,804.6,2337,1.9,309543,245.4,12879,10.2,5597,4.4,159545,126.5,132067,104.7,94942,75.3,11233,8.9,3701,2.9,3719,2.9,15737,12.5,18821,14.9,23449,18.6,38714,30.7,10913,8.7,32109,25.5
2004,1028602,815.2,2330,1.8,320358,253.9,12637,10,5706,4.5,159625,126.5,129055,102.3,95534,75.7,10613,8.4,3283,2.6,3409,2.7,15885,12.6,19117,15.2,24126,19.1,38193,30.3,10551,8.4,30247,24
2005,1083796,858.8,2296,1.8,325941,258.3,13621,10.8,5835,4.6,173125,137.2,132847,105.3,107241,85,10985,8.7,3198,2.5,3490,2.8,16430,13,20528,16.3,26360,20.9,39863,31.6,10028,7.9,30553,24.2
2006,1084451,859.6,2269,1.8,329314,261,13650,10.8,5810,4.6,173025,137.2,128268,101.7,107242,85,10548,8.4,2778,2.2,3403,2.7,16267,12.9,21158,16.8,27764,22,38270,30.3,9048,7.2,29921,23.7
2007,1108334,879,2194,1.7,336468,266.9,13999,11.1,6144,4.9,175539,139.2,127041,100.8,110159,87.4,10566,8.4,2540,2,3274,2.6,16195,12.8,21632,17.2,30734,24.4,37966,30.1,8268,6.6,30827,24.4
2008,1142407,907.1,2220,1.8,342963,272.3,14462,11.5,6264,5,181928,144.4,127023,100.9,115317,91.6,10371,8.2,2348,1.9,3283,2.6,16268,12.9,22517,17.9,35975,28.6,38153,30.3,7499,6,30229,24
2009,1141865,907.5,2159,1.7,344105,273.5,13987,11.1,6223,4.9,180745,143.7,122350,97.2,112004,89,9923,7.9,2139,1.7,3166,2.5,15969,12.7,22743,18.1,38670,30.7,37756,30,7309,5.8,30707,24.4
2010,1197014,947.1,2129,1.7,353499,279.7,14422,11.4,6760,5.3,189361,149.8,123461,97.7,118888,94.1,9929,7.9,2065,1.6,3233,2.6,16216,12.8,23725,18.8,45342,35.9,40732,32.2,7222,5.7,29554,23.4
2011,1253068,993.1,2166,1.7,357306,283.2,14664,11.6,7023,5.6,194926,154.5,123867,98.2,124749,98.9,9598,7.6,2060,1.6,3110,2.5,16390,13,24526,19.4,52242,41.4,59416,47.1,6741,5.3,28896,22.9
2012,1256359,997.5,2110,1.7,360963,286.6,14486,11.5,7261,5.8,198836,157.9,121602,96.5,123925,98.4,9276,7.4,1874,1.5,3132,2.5,15980,12.7,25107,19.9,60719,48.2,41031,32.6,6414,5.1,26433,21
2013,1268438,1009.1,2087,1.7,364873,290.3,13812,11,7165,5.7,196723,156.5,118347,94.1,122969,97.8,8621,6.9,1728,1.4,2828,2.2,15930,12.7,25101,20,69721,55.5,39574,31.5,6060,4.8,26063,20.7
2014,1273025,1014.9,2100,1.7,368106,293.5,13669,10.9,6932,5.5,196931,157,114209,91.1,119652,95.4,7988,6.4,1550,1.2,2795,2.2,15692,12.5,24776,19.8,75391,60.1,39030,31.1,5717,4.6,24417,19.5
2015,1290510,1029.8,1956,1.6,370362,295.5,13328,10.6,6726,5.4,196127,156.5,111974,89.4,120959,96.5,7580,6,1511,1.2,2666,2.1,15659,12.5,24561,19.6,84819,67.7,38310,30.6,5646,4.5,23152,18.5
2016,1308158,1046.4,1893,1.5,373088,298.4,13483,10.8,6843,5.5,198070,158.4,109353,87.5,119346,95.5,7108,5.7,1455,1.2,2657,2.1,15780,12.6,24620,19.7,92836,74.3,38314,30.6,5280,4.2,21021,16.8
2017,1340567,1075.5,2306,1.9,373365,299.5,13971,11.2,9570,7.7,204868,164.4,109896,88.2,96859,77.7,9093,7.3,1794,1.4,2513,2,17019,13.7,25135,20.2,101411,81.4,40332,32.4,5004,4,20468,16.4
2018,1362470,1096.8,2204,1.8,373584,300.7,14181,11.4,9581,7.7,208221,167.6,108186,87.1,94661,76.2,8459,6.8,1617,1.3,2521,2,17275,13.9,26081,21,109605,88.2,41238,33.2,4595,3.7,20031,16.1
2019,1381093,1116.2,2087,1.7,376425,304.2,13846,11.2,9549,7.7,207714,167.9,106552,86.1,95518,77.2,7957,6.4,1481,1.2,2499,2.0,17273,14.0,26644,21.5,121863,98.5,39184,31.7,4279,3.5,19425,15.7
íj
1899,476249,2181,33816,154.9,9780,44.8,...,...,...,...,10533,48.2,39959,183,23379,107.1,...,...,...,...,...,...,...,...,...,...,22759,104.2,13947,63.9,...,...,3699,16.9
1900,464072,2104.5,35713,162,10250,46.5,...,...,...,...,10351,46.9,37857,171.7,24292,110.2,...,...,...,...,...,...,...,...,...,...,23971,108.7,12919,58.6,...,...,3716,16.9
1901,468524,2101.2,37577,168.5,11050,49.6,...,...,...,...,10597,47.5,40470,181.5,26593,119.3,...,...,...,...,...,...,...,...,...,...,20098,90.1,11734,52.6,...,...,4872,21.8
1902,486410,2151.7,39300,173.8,12304,54.4,...,...,...,...,11733,51.9,40444,178.9,28434,125.8,...,...,...,...,...,...,...,...,...,...,21727,96.1,13109,58,...,...,4986,22.1
1903,472249,2062.1,40354,176.2,12972,56.6,...,...,...,...,11576,50.5,39957,174.5,25938,113.3,...,...,...,...,...,...,...,...,...,...,23400,102.2,13339,58.2,...,...,5547,24.2
1904,481445,2075.6,41643,179.5,13177,56.8,...,...,...,...,12051,52,41844,180.4,27578,118.9,...,...,...,...,...,...,...,...,...,...,25610,110.4,13985,60.3,...,...,5585,24.1
1905,505290,2157.4,45167,192.8,13564,57.9,...,...,...,...,12460,53.2,41131,175.6,31323,133.7,...,...,...,...,...,...,...,...,...,...,26449,112.9,13424,57.3,...,...,5020,21.4
1906,480077,2034.3,44737,189.6,14261,60.4,...,...,...,...,12004,50.9,39979,169.4,28072,119,...,...,...,...,...,...,...,...,...,...,24923,105.6,14606,61.9,...,...,4665,19.8
1907,512110,2153,45152,189.8,14411,60.6,...,...,...,...,13456,56.6,42610,179.1,33149,139.4,...,...,...,...,...,...,...,...,...,...,25821,108.6,14819,62.3,...,...,4836,20.3
1908,517755,2153.6,46116,191.8,15352,63.9,...,...,...,...,13476,56.1,40168,167.1,35010,145.6,...,...,...,...,...,...,...,...,...,...,23998,99.8,14571,60.6,...,...,5100,21.2
1909,550267,2262.1,53098,218.3,16726,68.8,598,2.5,...,...,15747,64.7,36713,150.9,37166,152.8,...,...,3577,14.7,3037,12.5,5188,21.3,...,...,25514,104.9,13642,56.1,...,...,5735,23.6
1910,535076,2170.7,52774,214.1,16754,68,631,2.6,...,...,15100,61.3,35578,144.3,36643,148.7,...,...,3654,14.8,3107,12.6,5150,20.9,...,...,24134,97.9,14018,56.9,...,...,5928,24
1911,526141,2105.2,51663,206.7,17356,69.4,653,2.6,...,...,14926,59.7,35859,143.5,36379,145.6,...,...,3301,13.2,2949,11.8,6002,24,...,...,23489,94,14947,59.8,...,...,5847,23.4
1912,523604,2064.3,53663,211.6,17540,69.2,757,3,...,...,14776,58.3,36787,145,38694,152.5,...,...,3537,13.9,3140,12.4,6011,23.7,...,...,23779,93.7,15757,62.1,...,...,5955,23.5
1913,521210,2025.1,52329,203.3,18414,71.5,744,2.9,...,...,14682,57,36644,142.4,42456,165,...,...,3727,14.5,3171,12.3,5796,22.5,...,...,23816,92.5,14519,56.4,...,...,6474,25.2
1914,559337,2142.6,53233,203.9,18895,72.4,781,3,...,...,15558,59.6,37202,142.5,44320,169.8,...,...,3569,13.7,3310,12.7,6325,24.2,...,...,25375,97.2,17001,65.1,...,...,6894,26.4
1915,556179,2101.6,54740,206.8,19384,73.2,912,3.4,...,...,15991,60.4,37357,141.2,45127,170.5,...,...,3534,13.4,3202,12.1,6153,23.2,...,...,24616,93,15850,59.9,...,...,6503,24.6
1916,604156,2250.9,56791,211.6,20152,75.1,976,3.6,...,...,17867,66.6,40458,150.7,52429,195.3,...,...,4274,15.9,3531,13.2,6687,24.9,...,...,28254,105.3,15740,58.6,...,...,6065,22.6
1917,609310,2243.6,57592,212.1,20144,74.2,974,3.6,...,...,18405,67.8,42809,157.6,52727,194.1,...,...,4147,15.3,3883,14.3,6387,23.5,...,...,29322,108,17688,65.1,...,...,5724,21.1
1918,753392,2744.3,64239,234,20184,73.5,1080,3.9,...,...,21104,76.9,47370,172.5,105507,384.3,...,...,5329,19.4,3789,13.8,6523,23.8,...,...,33256,121.1,18214,66.3,...,...,6147,22.4
1919,648984,2351.2,61246,221.9,19935,72.2,890,3.2,...,...,16396,59.4,46415,168.2,76970,278.9,...,...,3744,13.6,3704,13.4,6093,22.1,...,...,28276,102.4,17106,62,...,...,6158,22.3
1920,720655,2569.7,58557,208.8,20779,74.1,908,3.2,...,...,16775,59.8,49181,175.4,88551,315.8,...,...,4559,16.3,4068,14.5,6870,24.5,...,...,30668,109.4,17605,62.8,...,...,6521,23.3
1921,659328,2320.6,57176,201.2,20732,73,1056,3.7,...,...,18299,64.4,51024,179.6,58694,206.6,...,...,4008,14.1,4177,14.7,6960,24.5,...,...,31324,110.3,16339,57.5,...,...,6923,24.4
1922,655740,2276.9,59096,205.2,21019,73,1013,3.5,...,...,17777,61.7,51183,177.7,59137,205.3,...,...,4588,15.9,4022,14,6881,23.9,...,...,31368,108.9,17210,59.8,...,...,6984,24.3
1923,679072,2327.4,55497,190.2,21506,73.7,986,3.4,...,...,20807,71.3,53372,182.9,62488,214.2,8849,30.3,3640,12.5,4487,15.4,6247,21.4,...,...,31679,108.6,38353,131.4,...,...,7065,24.2
1924,642969,2174.5,54429,184.1,21071,71.3,1048,3.5,...,...,19524,66,57851,195.6,65224,220.6,8977,30.4,3841,13,4689,15.9,5974,20.2,...,...,30486,103.1,17417,58.9,...,...,6958,23.5
1925,621357,2070.3,55546,185.1,21405,71.3,1055,3.5,...,...,19485,64.9,54767,182.5,67662,225.4,9307,31,4265,14.2,5038,16.8,5757,19.2,...,...,29149,97.1,16638,55.4,...,...,7521,25.1
1926,597292,1957,54503,178.6,21947,71.9,1060,3.5,...,...,18267,59.9,55732,182.6,57045,186.9,8019,26.3,3563,11.7,5209,17.1,5606,18.4,...,...,27806,91.1,17349,56.8,...,...,7675,25.1
1927,624311,2015.1,58316,188.2,21775,70.3,1123,3.6,...,...,18717,60.4,57186,184.6,63366,204.5,8359,27,3856,12.4,5282,17,5937,19.2,...,...,30681,99,19038,61.4,...,...,7912,25.5
1928,639214,2032.5,58397,185.7,22832,72.6,1121,3.6,...,...,19751,62.8,58087,184.7,66558,211.6,8211,26.1,4082,13,5659,18,6009,19.1,...,...,32388,103,17826,56.7,...,...,7984,25.4
1929,645994,2025.7,60168,188.7,22251,69.8,1168,3.7,...,...,20508,64.3,60242,188.9,64241,201.4,8198,25.7,4063,12.7,5687,17.8,5952,18.7,...,...,32189,100.9,18249,57.2,...,...,7915,24.8
1930,603995,1864.7,59148,182.6,22908,70.7,1143,3.5,...,...,20190,62.3,58276,179.9,53976,166.6,7405,22.9,3927,12.1,6171,19.1,6090,18.8,...,...,31535,97.4,17969,55.5,...,...,8810,27.2
1931,642146,1951.9,61197,186,22920,69.7,1165,3.5,...,...,20666,62.8,59760,181.6,69464,211.1,8054,24.5,4621,14,6410,19.5,5902,17.9,...,...,35237,107.1,17091,52,...,...,9102,27.7
1932,607267,1820.6,60751,182.1,23067,69.2,1200,3.6,...,...,18932,56.8,59299,177.8,60071,180.1,7280,21.8,4044,12.1,6817,20.4,5962,17.9,...,...,31607,94.8,18144,54.4,...,...,9272,27.8
1933,618496,1827.5,64603,190.9,24150,71.4,1392,4.1,...,...,19662,58.1,61114,180.6,56907,168.1,6634,19.6,4430,13.1,7140,21.1,5029,14.9,...,...,33797,99.9,20618,60.9,...,...,9110,26.9
1934,639098,1863.6,66823,194.9,24378,71.1,1350,3.9,...,...,21067,61.4,63333,184.7,67045,195.5,7019,20.5,5046,14.7,7714,22.5,4976,14.5,...,...,34922,101.8,21755,63.4,...,...,9065,26.4
1935,603566,1737.7,67238,193.6,25328,72.9,1288,3.7,...,...,19936,57.4,62983,181.3,56677,163.2,6484,18.7,4557,13.1,7710,22.2,4808,13.8,...,...,31918,91.9,20641,59.4,...,...,8733,25.1
1936,637854,1817.1,73495,209.4,25443,72.5,1379,3.9,...,...,21468,61.2,65323,186.1,60030,171,7017,20,5618,16,8258,23.5,5077,14.5,...,...,37074,105.6,21506,61.3,...,...,9766,27.8
1937,625625,1781,73040,207.9,26340,75,1460,4.2,...,...,21480,61.1,65097,185.3,58066,165.3,6175,17.6,4713,13.4,8591,24.5,5261,15,...,...,34142,97.2,21640,61.6,...,...,8923,25.4
1938,652936,1858.9,75361,214.6,26029,74.1,1541,4.4,...,...,23998,68.3,69991,199.3,64435,183.4,7009,20,5744,16.4,9218,26.2,5245,14.9,...,...,39995,113.9,22659,64.5,...,...,7585,21.6
1939,658589,1869.6,79336,225.2,26340,74.8,1427,4.1,...,...,23783,67.5,71912,204.1,72245,205.1,6740,19.1,6063,17.2,9198,26.1,5059,14.4,...,...,38419,109.1,21393,60.7,...,...,6502,18.5
1940,615311,1738.8,80599,227.8,26617,75.2,1426,4,...,...,22507,63.6,70075,198,61393,173.5,5894,16.7,5466,15.4,9129,25.8,5176,14.6,...,...,35575,100.5,20429,57.7,...,...,5841,16.5
1941,597373,1721.2,83395,240.3,27074,78,1325,3.8,...,...,20974,60.4,67357,194.1,55891,161,5611,16.2,5410,15.6,9152,26.4,5121,14.8,...,...,36251,104.5,20666,59.5,...,...,5667,16.3
1942,609038,1746.4,88131,252.7,27670,79.3,1318,3.8,...,...,21265,61,67144,192.5,57871,165.9,5608,16.1,5739,16.5,10784,30.9,5299,15.2,...,...,38846,111.4,21936,62.9,...,...,5498,15.8
1943,638135,1835.5,94623,272.2,27468,79,1342,3.9,...,...,21894,63,64538,185.6,64047,184.2,5690,16.4,6556,18.9,12505,36,5264,15.1,...,...,39694,114.2,23079,66.4,...,...,5115,14.7
1947,595670,1562.2,79640,208.9,26645,69.9,1010,2.6,...,...,23618,61.9,51841,136,55703,146.1,5652,14.8,8506,22.3,18950,49.7,5054,13.3,...,...,32164,84.4,26538,69.6,3569,9.4,7108,18.6
1948,493573,1261.4,77705,198.6,28023,71.6,964,2.5,...,...,23927,61.1,46779,119.5,28499,72.8,4724,12.1,6756,17.3,14886,38,5079,13,...,...,25796,65.9,26272,67.1,4537,11.6,7331,18.7
1949,489817,1222.6,74267,185.4,30256,75.5,977,2.4,...,...,25624,64,49172,122.7,29682,74.1,4301,10.7,7167,17.9,13906,34.7,5365,13.4,...,...,26656,66.5,24500,61.2,4413,11,8391,20.9
1950,467073,1144.5,65089,159.5,32670,80.1,1005,2.5,4639,11.4,26108,64,52188,127.9,28090,68.8,4042,9.9,9461,23.2,13656,33.5,4887,12,...,...,23474,57.5,23783,58.3,5795,14.2,9820,24.1
1951,432540,1042.4,50224,121,33872,81.6,1003,2.4,4091,9.9,26116,62.9,52388,126.3,26705,64.4,3293,7.9,8888,21.4,12998,31.3,5078,12.2,...,...,23618,56.9,23199,55.9,6074,14.6,9035,21.8
1952,395205,937.7,38433,91.2,35845,85,939,2.2,4223,10,25825,61.3,55011,130.5,22628,53.7,2797,6.6,7706,18.3,11997,28.5,5688,13.5,...,...,23468,55.7,22902,54.3,6375,15.1,9171,21.8
1953,399859,935.4,31901,74.6,37386,87.5,1006,2.4,4433,10.4,28339,66.3,58421,136.7,24450,57.2,2763,6.5,9446,22.1,11444,26.8,6230,14.6,...,...,26725,62.5,24862,58.2,7237,16.9,10450,24.4
1954,379658,875.2,31239,72,39703,91.5,952,2.2,4381,10.1,26729,61.6,59940,138.2,19740,45.5,2212,5.1,6960,16,10028,23.1,6660,15.4,...,...,24358,56.2,26144,60.3,9234,21.3,12641,29.1
1955,365246,832.7,26601,60.6,41223,94,1020,2.3,4385,10,27282,62.2,62737,143,17965,41,2075,4.7,6737,15.4,9422,21.5,6749,15.4,...,...,23581,53.8,24908,56.8,8244,18.8,13836,31.5
1956,381395,859.9,25513,57.5,43628,98.4,1173,2.6,4935,11.1,29993,67.6,69427,156.5,18524,41.8,1944,4.4,7201,16.2,9369,21.1,7351,16.6,...,...,27069,61,25107,56.6,8821,19.9,13222,29.8
1957,397502,887.9,25175,56.2,44777,100,1293,2.9,5376,12,34030,76,72802,162.6,23318,52.1,1969,4.4,8553,19.1,8906,19.9,7450,16.6,...,...,28427,63.5,25988,58,9702,21.7,13276,29.7
1958,363647,804,21744,48.1,47237,104.4,1222,2.7,6143,13.6,30358,67.1,71642,158.4,18661,41.3,1616,3.6,6094,13.5,8218,18.2,7367,16.3,...,...,19479,43.1,26751,59.1,10734,23.7,13895,30.7
1959,367562,804.2,20042,43.8,49215,107.7,1293,2.8,6692,14.6,32135,70.3,75169,164.5,18304,40,1528,3.3,5850,12.8,7729,16.9,7552,16.5,...,...,19991,43.7,30203,66.1,12320,27,12179,26.6
1960,377526,822.9,19769,43.1,50898,110.9,1482,3.2,7360,16,34755,75.8,78965,172.1,20152,43.9,1538,3.4,6756,14.7,7640,16.7,8013,17.5,...,...,20547,44.8,29787,64.9,14170,30.9,11506,25.1
1961,371858,803.1,17512,37.8,52254,112.8,1549,3.3,7774,16.8,34324,74.1,82817,178.9,16791,36.3,1550,3.3,5721,12.4,7142,15.4,8068,17.4,...,...,20294,43.8,32089,69.3,15251,32.9,10333,22.3
1962,380826,814.7,17705,37.9,53499,114.5,1757,3.8,8561,18.3,37230,79.6,85877,183.7,18547,39.7,1785,3.8,6963,14.9,6967,14.9,8230,17.6,...,...,20335,43.5,29520,63.2,14358,30.7,9541,20.4
1963,361469,765.3,14957,31.7,55567,117.7,1814,3.8,8500,18,34605,73.3,87943,186.2,14010,29.7,1592,3.4,5327,11.3,6678,14.1,8473,17.9,...,...,17533,37.1,30700,65,15306,32.4,8923,18.9
1964,363531,761.4,14842,31.1,57705,120.9,2133,4.5,8711,18.2,34986,73.3,89040,186.5,13556,28.4,1735,3.6,5467,11.5,6487,13.6,8586,18,...,...,16738,35.1,31286,65.5,16280,34.1,8336,17.5
1965,378716,785,14781,30.6,58899,122.1,2463,5.1,9176,19,38827,80.5,92723,192.2,15962,33.1,1811,3.8,6591,13.7,6367,13.2,8582,17.8,...,...,17504,36.3,30674,63.6,15499,32.1,8330,17.3
1966,363356,747.2,13204,27.2,60803,125,2735,5.6,8812,18.1,36607,75.3,92066,189.3,12186,25.1,1620,3.3,5512,11.3,6151,12.6,8699,17.9,...,...,15531,31.9,32530,66.9,17074,35.1,8450,17.4
1967,366076,748.6,11773,24.1,62308,127.4,2970,6.1,8691,17.8,38900,79.6,92024,188.2,12507,25.6,1735,3.5,5597,11.4,5985,12.2,9305,19,...,...,15345,31.4,31742,64.9,16206,33.1,7940,16.2
1968,372931,753.7,11374,23,64244,129.8,3100,6.3,8578,17.3,41766,84.4,93773,189.5,13309,26.9,2370,4.8,5612,11.3,5937,12,9831,19.9,...,...,14035,28.4,30795,62.2,16437,33.2,8174,16.5
1969,379506,757.5,11086,22.1,66270,132.3,3432,6.8,8134,16.2,43305,86.4,95622,190.9,13647,27.2,2575,5.1,5273,10.5,5757,11.5,10432,20.8,...,...,13396,26.7,32620,65.1,18198,36.3,8241,16.4
1970,387880,766.6,10914,21.6,67074,132.6,3753,7.4,8423,16.6,45988,90.9,96910,191.5,15030,29.7,2607,5.2,5528,10.9,5419,10.7,11047,21.8,...,...,13580,26.8,33112,65.4,18629,36.8,8761,17.3
1971,372942,728,9470,18.5,68399,133.5,3704,7.2,7866,15.4,44380,86.6,94404,184.3,12442,24.3,2554,5,4788,9.3,4864,9.5,11136,21.7,...,...,12370,24.1,31757,62,18234,35.6,9157,17.9
1972,372833,719.1,8702,16.8,71298,137.5,3821,7.4,7877,15.2,44192,85.2,93290,179.9,12462,24,2626,5.1,4400,8.5,4900,9.5,11472,22.1,...,...,11367,21.9,31689,61.1,17728,34.2,10231,19.7
1973,383592,723.7,8448,15.9,73401,138.5,4074,7.7,8352,15.8,48300,91.1,94323,178,14287,27,2816,5.3,4366,8.2,4697,8.9,11908,22.5,...,...,11776,22.2,29998,56.6,16345,30.8,10730,20.2
1974,381869,711.4,7998,14.9,75456,140.6,4415,8.2,8716,16.2,49655,92.5,92620,172.5,15404,28.7,2913,5.4,4423,8.2,4598,8.6,12414,23.1,...,...,11012,20.5,26824,50,13593,25.3,10723,20
1975,377827,690.4,7406,13.5,76922,140.6,4377,8,8683,15.9,50395,92.1,89924,164.3,16371,29.9,2972,5.4,4107,7.5,4472,8.2,12461,22.8,...,...,10287,18.8,24865,45.4,12466,22.8,11744,21.5
1976,378630,684.3,6835,12.4,79995,144.6,4347,7.9,8620,15.6,52673,95.2,89189,161.2,16234,29.3,3038,5.5,4171,7.5,3969,7.2,12919,23.3,...,...,10301,18.6,23236,42,11389,20.6,11744,21.2
1977,372175,666.3,6309,11.3,83088,148.7,4550,8.1,8255,14.8,53079,95,86807,155.4,14341,25.7,3076,5.5,3740,6.7,3777,6.8,12708,22.7,...,...,9831,17.6,22407,40.1,10675,19.1,12299,22
1978,375625,666.5,5949,10.6,85630,151.9,4632,8.2,8062,14.3,54643,97,85308,151.4,15653,27.8,3361,6,3448,6.1,3641,6.5,13171,23.4,...,...,9907,17.6,22049,39.1,10478,18.6,12409,22
1979,373183,656.6,4896,8.6,90136,158.6,3839,6.8,6861,12.1,58065,102.2,80134,141,15233,26.8,3103,5.5,3661,6.4,3382,6,13311,23.4,3129,5.5,10271,18.1,21337,37.5,10132,17.8,12851,22.6
1980,390644,682.9,4715,8.2,93501,163.5,4055,7.1,6654,11.6,64103,112.1,81650,142.7,18633,32.6,3550,6.2,3870,6.8,3349,5.9,13348,23.3,3611,6.3,11244,19.7,21153,37,10111,17.7,12769,22.3
1981,388575,674,4245,7.4,96524,167.4,3879,6.7,6288,10.9,64281,111.5,78510,136.2,18853,32.7,3710,6.4,3745,6.5,3261,5.7,13293,23.1,4069,7.1,10552,18.3,21147,36.7,10166,17.6,12708,22
1982,385494,664,3930,6.8,99114,170.7,4121,7.1,5556,9.6,64578,111.2,73192,126.1,19988,34.4,4019,6.9,3624,6.2,2758,4.8,13197,22.7,4532,7.8,9567,16.5,21046,36.3,10444,18,13203,22.7
1983,401232,686.6,3866,6.6,103330,176.8,4194,7.2,5400,9.2,67412,115.4,71631,122.6,22795,39,4266,7.3,3938,6.7,2686,4.6,13409,22.9,5009,8.6,10225,17.5,21261,36.4,10699,18.3,16876,28.9
1984,402220,684.1,3685,6.3,107175,182.3,4443,7.6,5163,8.8,69582,118.4,68262,116.1,22327,38,4469,7.6,3608,6.1,2520,4.3,13484,22.9,5288,9,10149,17.3,21223,36.1,10329,17.6,16251,27.6
1985,407769,690.6,3442,5.8,110660,187.4,4322,7.3,4991,8.5,71766,121.5,65287,110.6,25520,43.2,4973,8.4,3776,6.4,2428,4.1,13591,23,5809,9.8,9669,16.4,21318,36.1,10832,18.3,15356,26
1986,406918,684.6,3112,5.2,113589,191.1,4335,7.3,4555,7.7,72072,121.3,61832,104,26739,45,4825,8.1,3658,6.2,2297,3.9,13282,22.3,6099,10.3,9129,15.4,20480,34.5,10196,17.2,16499,27.8
1987,408094,683.3,2959,5,119161,199.5,4261,7.1,4090,6.8,72566,121.5,58744,98.4,27930,46.8,4741,7.9,3485,5.8,2067,3.5,13053,21.9,6239,10.4,8658,14.5,20124,33.7,10225,17.1,15281,25.6
1988,428094,713.9,2954,4.9,122015,203.5,4569,7.6,3892,6.5,78640,131.1,60832,101.4,32485,54.2,5230,8.7,3596,6,1992,3.3,13320,22.2,6983,11.6,8910,14.9,21358,35.6,10927,18.2,14290,23.8
1989,427114,709.8,2676,4.4,127211,211.4,4399,7.3,3486,5.8,77901,129.5,56938,94.6,33470,55.6,5277,8.8,3302,5.5,1995,3.3,13138,21.8,7324,12.2,7877,13.1,21848,36.3,11464,19.1,12939,21.5
1990,443718,736.5,2745,4.6,130395,216.4,4491,7.5,3399,5.6,81774,135.7,57627,95.6,38596,64.1,5664,9.4,3412,5.7,1933,3.2,13256,22,7632,12.7,8054,13.4,22199,36.8,11481,19.1,12316,20.4
1991,450344,745.3,2449,4.1,134475,222.5,4633,7.7,3410,5.6,83646,138.4,55740,92.2,39843,65.9,5955,9.9,3382,5.6,1970,3.3,13113,21.7,7641,12.6,7676,12.7,22879,37.9,11409,18.9,12477,20.6
1992,465544,768.3,2514,4.1,139674,230.5,4758,7.9,3174,5.2,86384,142.6,55431,91.5,42328,69.9,5952,9.8,3308,5.5,1917,3.2,13394,22.1,8123,13.4,7613,12.6,23606,39,11435,18.9,13516,22.3
1993,476462,784.6,2424,4,142222,234.2,4972,8.2,3117,5.1,88309,145.4,55279,91,45797,75.4,6241,10.3,3463,5.7,1965,3.2,13279,21.9,8425,13.9,7324,12.1,23397,38.5,10920,18,13540,22.3
1994,476080,782.5,2290,3.8,146896,241.5,5276,8.7,2824,4.6,78868,129.6,55510,91.2,46939,77.2,6777,11.1,3310,5.4,1956,3.2,12962,21.3,8374,13.8,7333,12.1,24082,39.6,10593,17.4,14058,23.1
1995,501276,822.9,2267,3.7,159623,262,7107,11.7,3027,5,69718,114.4,69587,114.2,42419,69.6,8018,13.2,4052,6.7,2274,3.7,11576,19,7800,12.8,6684,11,28229,46.3,10772,17.7,14231,23.4
1996,488605,799.5,2064,3.4,164824,269.7,6394,10.5,2613,4.3,68977,112.9,66479,108.8,38472,63,7195,11.8,3308,5.4,2087,3.4,11198,18.3,7488,12.3,6372,10.4,25485,41.7,10170,16.6,14853,24.3
1997,497796,813.3,1955,3.2,167076,273,6295,10.3,2537,4.1,69776,114,65790,107.5,42314,69.1,7497,12.2,3027,4.9,2127,3.5,11377,18.6,7714,12.6,6384,10.4,25157,41.1,9824,16,15901,26
1998,512128,835.3,1977,3.2,172306,281,6424,10.5,2360,3.8,71134,116,65529,106.9,42663,69.6,7471,12.2,2748,4.5,2131,3.5,11167,18.2,7731,12.6,6293,10.3,24984,40.7,9552,15.6,22349,36.5
1999,534778,871.6,2114,3.4,175817,286.5,6527,10.6,2376,3.9,73979,120.6,66452,108.3,49903,81.3,8451,13.8,2842,4.6,2250,3.7,11454,18.7,8309,13.5,6600,10.8,25551,41.6,9189,15,22402,36.5
2000,525903,855.3,1876,3.1,179140,291.3,6489,10.6,2163,3.5,72156,117.3,63127,102.7,46722,76,8237,13.4,2300,3.7,2161,3.5,11068,18,8029,13.1,6017,9.8,25162,40.9,9072,14.8,21656,35.2
2001,528768,858.5,1715,2.8,181393,294.5,6368,10.3,2102,3.4,72727,118.1,63146,102.5,45756,74.3,8244,13.4,2086,3.4,2121,3.4,10911,17.7,8202,13.3,6094,9.9,24993,40.6,8698,14.1,21085,34.2
2002,535305,869.1,1584,2.6,184033,298.8,6631,10.8,2108,3.4,74986,121.7,62229,101,47033,76.4,8289,13.5,1872,3,2089,3.4,10532,17.1,8428,13.7,6209,10.1,24283,39.4,8171,13.3,21677,35.2
2003,551746,895.4,1615,2.6,186912,303.3,6709,10.9,2016,3.3,77989,126.6,63274,102.7,50614,82.1,8657,14,1846,3,2104,3.4,10703,17.4,8686,14.1,6288,10.2,23969,38.9,7565,12.3,23396,38
2004,557097,904.4,1555,2.5,193096,313.5,6694,10.9,2066,3.4,77465,125.8,61547,99.9,51306,83.3,8164,13.3,1576,2.6,1920,3.1,10705,17.4,8806,14.3,6172,10,23667,38.4,7355,11.9,21955,35.6
2005,584970,949.4,1579,2.6,196603,319.1,7131,11.6,2145,3.5,83979,136.3,63657,103.3,57310,93,8525,13.8,1565,2.5,1897,3.1,11007,17.9,9463,15.4,6683,10.8,24591,39.9,7015,11.4,22236,36.1
2006,581370,944.3,1517,2.5,198052,321.7,7268,11.8,2095,3.4,82811,134.5,61348,99.6,56572,91.9,8093,13.1,1290,2.1,1924,3.1,10909,17.7,9714,15.8,6872,11.2,23329,37.9,6258,10.2,21419,34.8
2007,592784,963.7,1458,2.4,202743,329.6,7395,12,2323,3.8,83090,135.1,60992,99.2,58575,95.2,8177,13.3,1135,1.8,1849,3,10708,17.4,9928,16.1,7493,12.2,22666,36.8,5559,9,22007,35.8
2008,608711,991,1467,2.4,206354,336,7618,12.4,2354,3.8,86139,140.2,61121,99.5,61343,99.9,8044,13.1,1085,1.8,1787,2.9,10615,17.3,10429,17,8751,14.2,22801,37.1,5191,8.5,21546,35.1
2009,609042,992.9,1357,2.2,206352,336.4,7399,12.1,2266,3.7,85543,139.5,59293,96.7,59889,97.6,7685,12.5,934,1.5,1779,2.9,10463,17.1,10716,17.5,9301,15.2,22588,36.8,5010,8.2,22189,36.2
2010,633701,1029.2,1338,2.2,211435,343.4,7620,12.4,2517,4.1,88804,144.2,60186,97.7,63569,103.2,7711,12.5,898,1.5,1835,3,10619,17.2,11035,17.9,10787,17.5,23975,38.9,4871,7.9,21028,34.2
2011,656542,1068.4,1349,2.2,213191,346.9,7738,12.6,2616,4.3,91298,148.6,59616,97,66601,108.4,7473,12.2,845,1.4,1750,2.8,10644,17.3,11587,18.9,12525,20.4,32483,52.9,4578,7.4,19904,32.4
2012,655526,1068.9,1279,2.1,215110,350.8,7639,12.5,2738,4.5,92976,151.6,58625,95.6,66386,108.2,7205,11.7,769,1.3,1697,2.8,10441,17,11835,19.3,14737,24,23714,38.7,4294,7,18485,30.1
2013,658685,1076.5,1246,2,216976,354.6,7294,11.9,2657,4.3,91445,149.5,56718,92.7,66362,108.5,6758,11,694,1.1,1588,2.6,10360,16.9,12003,19.6,16821,27.5,23043,37.7,4119,6.7,18158,29.7
2014,660340,1081.8,1251,2,218399,357.8,7265,11.9,2637,4.3,92279,151.2,54995,90.1,64782,106.1,6321,10.4,590,1,1609,2.6,10031,16.4,11935,19.6,18316,30,22562,37,3923,6.4,16875,27.6
2015,666728,1092.6,1169,1.9,219515,359.7,7125,11.7,2605,4.3,92146,151,53576,87.8,65611,107.5,5949,9.7,573,0.9,1511,2.5,10016,16.4,11908,19.5,20897,34.2,22122,36.3,3886,6.4,16202,26.6
2016,674946,1108.9,1134,1.9,219846,361.2,7244,11.9,2720,4.5,93453,153.5,52718,86.6,65661,107.9,5596,9.2,568,0.9,1527,2.5,10116,16.6,12233,20.1,23088,37.9,22073,36.3,3667,6,14642,24.1
2017,690770,1138.5,1423,2.3,220416,363.3,7731,12.7,3916,6.5,96330,158.8,53198,87.7,53143,87.6,7417,12.2,641,1.1,1403,2.3,10980,18.1,12569,20.7,25810,42.5,23093,38.1,3392,5.6,14336,23.6
2018,699138,1156.5,1302,2.2,218625,361.6,7831,13,3947,6.5,98035,162.2,52398,86.7,52158,86.3,6892,11.4,626,1,1387,2.3,11212,18.5,13230,21.9,28200,46.6,23675,39.2,3155,5.2,13851,22.9
2019,707421,1175.0,1173,1.9,220339,366.0,7615,12.6,3971,6.6,98210,163.1,51768,86.0,53076,88.2,6505,10.8,555,0.9,1427,2.4,11236,18.7,13573,22.5,31722,52.7,22394,37.2,2951,4.9,13668,22.7
èó
1899,455828,2113.4,33783,156.6,9602,44.5,...,...,...,...,10580,49.1,34030,157.8,19934,92.4,...,...,...,...,...,...,...,...,...,...,32430,150.4,7815,36.2,...,...,2233,10.4
1900,446664,2049.3,36058,165.4,10084,46.3,...,...,...,...,10756,49.3,31942,146.5,20561,94.3,...,...,...,...,...,...,...,...,...,...,33471,153.6,6952,31.9,...,...,2147,9.9
1901,457278,2072.8,39037,177,11099,50.3,...,...,...,...,11272,51.1,34780,157.7,23021,104.4,...,...,...,...,...,...,...,...,...,...,29314,132.9,6257,28.4,...,...,2974,13.5
1902,472710,2114.3,43259,193.5,12294,55,...,...,...,...,12104,54.1,34491,154.3,25068,112.1,...,...,...,...,...,...,...,...,...,...,31059,138.9,6922,31,...,...,3073,13.7
1903,458755,2025.9,44778,197.7,12578,55.5,...,...,...,...,12089,53.4,33982,150.1,22640,100,...,...,...,...,...,...,...,...,...,...,33090,146.1,7130,31.5,...,...,3267,14.4
1904,473950,2066,45617,198.9,12816,55.9,...,...,...,...,13384,58.3,35744,155.8,24574,107.1,...,...,...,...,...,...,...,...,...,...,37513,163.5,7340,32,...,...,3381,14.7
1905,499365,2152.5,50863,219.2,13104,56.5,...,...,...,...,13428,57.9,35038,151,28554,123.1,...,...,...,...,...,...,...,...,...,...,38784,167.2,7042,30.4,...,...,3069,13.2
1906,475176,2027.3,51332,219,13602,58,...,...,...,...,13788,58.8,33470,142.8,25706,109.7,...,...,...,...,...,...,...,...,...,...,35276,150.5,7114,30.4,...,...,2992,12.8
1907,504681,2135.8,51432,217.7,14040,59.4,...,...,...,...,15189,64.3,35970,152.2,29426,124.5,...,...,...,...,...,...,...,...,...,...,37170,157.3,7890,33.4,...,...,3163,13.4
1908,511687,2138.8,52755,220.5,15088,63.1,...,...,...,...,15099,63.1,33592,140.4,31250,130.6,...,...,...,...,...,...,...,...,...,...,35199,147.1,7509,31.4,...,...,3224,13.5
1909,540992,2232.9,60524,249.8,16071,66.3,459,1.9,...,...,16833,69.5,31075,128.3,33510,138.3,...,...,3209,13.2,1923,7.9,3496,14.4,...,...,36973,152.6,7685,31.7,...,...,3405,14.1
1910,529156,2156.8,60429,246.3,16244,66.2,458,1.9,...,...,16876,68.8,29310,119.5,33245,135.5,...,...,3226,13.1,1972,8,3331,13.6,...,...,34983,142.6,7991,32.6,...,...,3444,14
1911,517762,2082.8,59059,237.6,16863,67.8,559,2.2,...,...,16629,66.9,29872,120.2,33242,133.7,...,...,2814,11.3,1935,7.8,3831,15.4,...,...,33303,134,7834,31.5,...,...,3526,14.2
1912,513410,2036.4,60534,240.1,16904,67,574,2.3,...,...,16447,65.2,30702,121.8,35208,139.6,...,...,2890,11.5,1977,7.8,4122,16.3,...,...,33986,134.8,8120,32.2,...,...,3520,14
1913,506042,1979.2,58424,228.5,17298,67.7,629,2.5,...,...,16410,64.2,30127,117.8,38092,149,...,...,2977,11.6,1960,7.7,3959,15.5,...,...,32975,129,7812,30.6,...,...,3893,15.2
1914,542473,2091.7,60108,231.8,18036,69.5,686,2.6,...,...,16918,65.2,31369,121,39326,151.6,...,...,2932,11.3,2100,8.1,4264,16.4,...,...,36199,139.6,8520,32.9,...,...,4008,15.5
1915,537610,2045.2,61173,232.7,18405,70,697,2.7,...,...,17595,66.9,30564,116.3,40887,155.5,...,...,2795,10.6,2016,7.7,4233,16.1,...,...,34730,132.1,8467,32.2,...,...,3650,13.9
1916,583674,2189.7,65019,243.9,19258,72.2,761,2.9,...,...,19155,71.9,33454,125.5,47060,176.6,...,...,3350,12.6,2190,8.2,4250,15.9,...,...,40116,150.5,8173,30.7,...,...,3534,13.3
1917,590359,2188.5,67195,249.1,19221,71.3,827,3.1,...,...,19457,72.1,35190,130.4,46509,172.4,...,...,3223,11.9,2238,8.3,4337,16.1,...,...,42306,156.8,9204,34.1,...,...,3530,13.1
1918,739770,2711.2,76508,280.4,20097,73.7,915,3.4,...,...,23656,86.7,38892,142.5,100026,366.6,...,...,4186,15.3,2337,8.6,4299,15.8,...,...,48817,178.9,8946,32.8,...,...,3954,14.5
1919,632981,2307.5,71319,260,19503,71.1,735,2.7,...,...,18030,65.7,37967,138.4,74093,270.1,...,...,2879,10.5,2079,7.6,3838,14,...,...,41155,150,8059,29.4,...,...,3766,13.7
1920,701441,2512.4,66608,238.6,19869,71.2,817,2.9,...,...,18765,67.2,39005,139.7,87123,312.1,...,...,3374,12.1,2177,7.8,4409,15.8,...,...,42800,153.3,8593,30.8,...,...,4109,14.7
1921,629242,2227.1,63543,224.9,20145,71.3,834,3,...,...,19121,67.7,39499,139.8,55015,194.7,...,...,3129,11.1,2527,8.9,4484,15.9,...,...,44330,156.9,8219,29.1,...,...,4435,15.7
1922,631201,2207.7,66410,232.3,20097,70.3,891,3.1,...,...,19535,68.3,40250,140.8,53505,187.1,...,...,3480,12.2,2364,8.3,4430,15.5,...,...,44589,156,8290,29,...,...,4562,16
1923,653405,2257.6,62719,216.7,20725,71.6,887,3.1,...,...,21377,73.9,41243,142.5,56775,196.2,7302,25.2,2812,9.7,2655,9.2,4210,14.5,...,...,44900,155.1,32969,113.9,...,...,4423,15.3
1924,611977,2088.2,59800,204,20600,70.3,915,3.1,...,...,21152,72.2,44959,153.4,58179,198.5,7603,25.9,2873,9.8,2702,9.2,4148,14.2,...,...,43517,148.5,8322,28.4,...,...,4303,14.7
1925,589349,1982.8,60410,203.2,20772,69.9,924,3.1,...,...,20410,68.7,41526,139.7,61467,206.8,7827,26.3,3156,10.6,2731,9.2,3910,13.2,...,...,40916,137.7,8344,28.1,...,...,4728,15.9
1926,563435,1864.5,58542,193.7,21172,70.1,985,3.3,...,...,19682,65.1,42956,142.1,51061,169,6759,22.4,2597,8.6,2628,8.7,3872,12.8,...,...,39770,131.6,8277,27.4,...,...,4805,15.9
1927,590012,1923.3,61123,199.2,21576,70.3,1050,3.4,...,...,20254,66,44519,145.1,56594,184.5,7021,22.9,2845,9.3,2748,9,4065,13.3,...,...,43983,143.4,10289,33.5,...,...,4933,16.1
1928,597497,1918.4,61235,196.6,22254,71.5,1050,3.4,...,...,20157,64.7,44898,144.2,59229,190.2,6862,22,2802,9,2951,9.5,4017,12.9,...,...,44863,144,8214,26.4,...,...,5048,16.2
1929,615234,1948.8,63322,200.6,22048,69.8,1132,3.6,...,...,21024,66.6,48197,152.7,56940,180.4,7066,22.4,2980,9.4,3002,9.5,4229,13.4,...,...,46992,148.9,8385,26.6,...,...,4825,15.3
1930,566871,1768.2,60487,188.7,22580,70.4,1104,3.4,...,...,20948,65.3,46666,145.6,47070,146.8,6124,19.1,2724,8.5,3019,9.4,4379,13.7,...,...,45056,140.5,8326,26,...,...,5132,16
1931,598745,1839,60678,186.4,22244,68.3,1044,3.2,...,...,21201,65.1,47592,146.2,59916,184,6698,20.6,3373,10.4,3291,10.1,4143,12.7,...,...,50413,154.8,8179,25.1,...,...,5251,16.1
1932,568077,1717.3,58445,176.7,22816,69,1131,3.4,...,...,20041,60.6,48079,145.3,52610,159,5894,17.8,2805,8.5,3239,9.8,4252,12.9,...,...,45922,138.8,8590,26,...,...,5474,16.5
1933,575491,1713.4,62100,184.9,23555,70.1,1197,3.6,...,...,20449,60.9,49605,147.7,49340,146.9,5324,15.9,2992,8.9,3384,10.1,3346,10,...,...,49135,146.3,9602,28.6,...,...,5695,17
1934,595507,1750.7,64701,190.2,24444,71.9,1368,4,...,...,21452,63.1,51114,150.3,57072,167.8,5730,16.8,3601,10.6,3615,10.6,3294,9.7,...,...,52123,153.2,10197,30,...,...,5489,16.1
1935,558367,1617.5,64913,188,24752,71.7,1239,3.6,...,...,19966,57.8,51571,149.4,48401,140.2,5296,15.3,3122,9,3566,10.3,3266,9.5,...,...,47054,136.3,8381,24.3,...,...,5438,15.8
1936,592421,1692.1,71665,204.7,24760,70.7,1250,3.6,...,...,21442,61.2,52829,150.9,52174,149,5522,15.8,3867,11,3719,10.6,3369,9.6,...,...,54598,155.9,8685,24.8,...,...,5657,16.2
1937,582274,1640.1,71580,201.6,25238,71.1,1352,3.8,...,...,21342,60.1,53664,151.2,50190,141.4,5062,14.3,3287,9.3,3731,10.5,3419,9.6,...,...,50336,141.8,8565,24.1,...,...,5372,15.1
1938,606869,1691,73466,204.7,25329,70.6,1502,4.2,...,...,23463,65.4,56870,158.5,53718,149.7,5659,15.8,3904,10.9,4061,11.3,3435,9.6,...,...,58456,162.9,9041,25.2,...,...,4638,12.9
1939,610171,1687.7,75035,207.5,25719,71.1,1368,3.8,...,...,23659,65.4,58914,163,59297,164,5383,14.9,4258,11.8,4024,11.1,3591,9.9,...,...,56754,157,7935,21.9,...,...,4283,11.8
1940,571284,1563.2,72555,198.5,25262,69.1,1336,3.7,...,...,23035,63,57772,158.1,49684,136,4773,13.1,3706,10.1,3794,10.4,3648,10,...,...,53965,147.7,7979,21.8,...,...,4036,11
1941,552186,1493.4,70949,191.9,25875,70,1332,3.6,...,...,21569,58.3,57767,156.2,48182,130.3,4337,11.7,3713,10,3748,10.1,3558,9.6,...,...,53422,144.5,8142,22,...,...,4046,10.9
1942,557592,1486.5,73353,195.6,26227,69.9,1301,3.5,...,...,22222,59.2,58205,155.2,48151,128.4,4517,12,3921,10.5,4127,11,3671,9.8,...,...,57152,152.4,9198,24.5,...,...,3895,10.4
1943,580938,1524.1,76850,201.6,26112,68.5,1135,3,...,...,23534,61.7,56447,148.1,52447,137.6,4346,11.4,4404,11.6,4601,12.1,3717,9.8,...,...,59468,156,10440,27.4,...,...,3669,9.6
1947,542568,1357.4,66601,166.6,27241,68.2,817,2,...,...,24957,62.4,49254,123.2,45898,114.8,4308,10.8,5728,14.3,6958,17.4,3708,9.3,...,...,46178,115.5,11995,30,1353,3.4,5154,12.9
1948,457037,1118.2,66204,162,28610,70,825,2,...,...,25119,61.5,47550,116.3,24480,59.9,3661,9,4769,11.7,5819,14.2,3953,9.7,...,...,37843,92.6,12703,31.1,1660,4.1,5422,13.3
1949,455627,1092.4,63846,153.1,29633,71,899,2.2,...,...,27139,65.1,51106,122.5,26531,63.6,3353,8,4835,11.6,5503,13.2,4211,10.1,...,...,38918,93.3,9777,23.4,1448,3.5,5810,13.9
1950,437803,1032.8,56680,133.7,31758,74.9,1029,2.4,5296,12.5,27269,64.3,53540,126.3,26079,61.5,3013,7.1,6772,16,5667,13.4,3743,8.8,...,...,34938,82.4,9067,21.4,1747,4.1,6491,15.3
1951,406458,943.5,43083,100,32482,75.4,1055,2.4,4774,11.1,27634,64.1,53470,124.1,23907,55.5,2511,5.8,5979,13.9,5299,12.3,3851,8.9,...,...,36178,84,8769,20.4,1787,4.1,6380,14.8
1952,369863,846.3,32125,73.5,33643,77,1054,2.4,4727,10.8,26778,61.3,55348,126.6,20252,46.3,2126,4.9,5131,11.7,4994,11.4,4360,10,...,...,36046,82.5,8313,19,1783,4.1,6605,15.1
1953,372688,841.6,25948,58.6,34192,77.2,1113,2.5,4910,11.1,28138,63.5,57930,130.8,22253,50.3,2066,4.7,6330,14.3,4786,10.8,4730,10.7,...,...,40789,92.1,9374,21.2,2001,4.5,7281,16.4
1954,341833,761.1,23885,53.2,35606,79.3,1088,2.4,4719,10.5,26399,58.8,56985,126.9,17979,40,1556,3.5,4361,9.7,4292,9.6,4997,11.1,...,...,36976,82.3,8668,19.3,2497,5.6,7994,17.8
1955,328277,722.8,20134,44.3,36498,80.4,1171,2.6,4688,10.3,27069,59.6,58767,129.4,16344,36,1371,3,4572,10.1,3965,8.7,5078,11.2,...,...,36351,80,8357,18.4,2256,5,8641,19
1956,343065,747.4,18361,40,38251,83.3,1383,3,5436,11.8,29550,64.4,64504,140.5,16346,35.6,1360,3,4846,10.6,3872,8.4,5248,11.4,...,...,41345,90.1,8151,17.8,2211,4.8,8885,19.4
1957,354943,766.3,17543,37.9,38378,82.9,1419,3.1,5782,12.5,32541,70.3,65379,141.2,20436,44.1,1371,3,5695,12.3,3982,8.6,5224,11.3,...,...,44856,96.8,8540,18.4,2554,5.5,8860,19.1
1958,320542,685.2,14530,31.1,40658,86.9,1442,3.1,6422,13.7,29245,62.5,65125,139.2,16591,35.5,1197,2.6,4070,8.7,3671,7.8,5096,10.9,...,...,31567,67.5,9034,19.3,2706,5.8,9746,20.8
1959,322370,682.1,12950,27.4,42071,89,1501,3.2,6811,14.4,30819,65.2,67689,143.2,15925,33.7,989,2.1,3927,8.3,3596,7.6,5284,11.2,...,...,32696,69.2,11432,24.2,3122,6.6,8911,18.9
1960,329073,692.2,12190,25.6,42875,90.2,1713,3.6,7755,16.3,33645,70.8,71144,149.6,17382,36.6,1126,2.4,4465,9.4,3417,7.2,5376,11.3,...,...,33592,70.7,9177,19.3,3587,7.5,8637,18.2
1961,323786,674.8,10404,21.7,44188,92.1,1904,4,8309,17.3,33693,70.2,73149,152.5,15048,31.4,989,2.1,3906,8.1,3194,6.7,5565,11.6,...,...,34586,72.1,9525,19.9,3805,7.9,8113,16.9
1962,329439,680.2,10147,21,44725,92.3,2066,4.3,8986,18.6,35263,72.8,75351,155.6,16292,33.6,1249,2.6,4550,9.4,3130,6.5,5319,11,...,...,34403,71,8873,18.3,3438,7.1,7183,14.8
1963,309301,632.2,8345,17.1,45859,93.7,2166,4.4,8969,18.3,33067,67.6,76875,157.1,12099,24.7,1028,2.1,3562,7.3,2922,6,5471,11.2,...,...,30933,63.2,8998,18.4,3765,7.7,6567,13.4
1964,309536,626,8087,16.4,46619,94.3,2477,5,9496,19.2,33342,67.4,77861,157.5,11991,24.3,1087,2.2,3629,7.3,2845,5.8,5359,10.8,...,...,30257,61.2,9151,18.5,3977,8,6371,12.9
1965,321722,643.1,7585,15.2,47637,95.2,2652,5.3,9811,19.6,36845,73.6,80050,160,13906,27.8,1205,2.4,4221,8.4,2798,5.6,5081,10.2,...,...,31588,63.1,9514,19,4017,8,6114,12.2
1966,306986,608.7,6860,13.6,49002,97.2,3015,6,9593,19,34581,68.6,80120,158.9,10468,20.8,956,1.9,3601,7.1,2665,5.3,5154,10.2,...,...,28678,56.9,10017,19.9,4311,8.5,6600,13.1
1967,308930,608.9,5935,11.7,50285,99.1,3162,6.2,9520,18.8,36524,72,80440,158.5,10944,21.6,1006,2,3627,7.1,2754,5.4,5090,10,...,...,27784,54.8,10027,19.8,4329,8.5,6181,12.2
1968,313624,611.2,5548,10.8,51218,99.8,3303,6.4,9468,18.5,39100,76.2,81132,158.1,11879,23.1,1345,2.6,3783,7.4,2822,5.5,5639,11,...,...,25715,50.1,9769,19,4756,9.3,6427,12.5
1969,314281,605.3,5306,10.2,52289,100.7,3647,7,9240,17.8,40052,77.1,82272,158.5,11761,22.7,1239,2.4,3389,6.5,2682,5.2,5916,11.4,...,...,24421,47,10391,20,5138,9.9,6603,12.7
1970,325082,619,4985,9.5,52903,100.7,3889,7.4,9880,18.8,43423,82.7,84405,160.7,12899,24.6,1363,2.6,3585,6.8,2578,4.9,6050,11.5,...,...,25697,48.9,10690,20.4,5467,10.4,6967,13.3
1971,311579,586.6,4138,7.8,54451,102.5,3943,7.4,9520,17.9,41149,77.5,82548,155.4,10660,20.1,1293,2.4,3137,5.9,2524,4.8,5679,10.7,...,...,23087,43.5,10676,20.1,5529,10.4,7082,13.3
1972,310918,576.9,3863,7.2,56001,103.9,4054,7.5,9544,17.7,41693,77.4,82938,153.9,10742,19.9,1331,2.5,2953,5.5,2477,4.6,5439,10.1,...,...,21153,39.2,10742,19.9,5247,9.7,7784,14.4
1973,325824,591.6,3517,6.4,57563,104.5,4270,7.8,10539,19.1,46024,83.6,86009,156.2,12709,23.1,1299,2.4,2832,5.1,2510,4.6,5665,10.3,...,...,21639,39.3,10246,18.6,4938,9,8129,14.8
1974,328641,589.7,3420,6.1,58295,104.6,4539,8.1,11401,20.5,48596,87.2,85745,153.9,13153,23.6,1519,2.7,2924,5.2,2540,4.6,5625,10.1,...,...,21474,38.5,9261,16.6,3983,7.1,8382,15
1975,324448,574,3161,5.6,59461,105.2,4655,8.2,11148,19.7,48831,86.4,84443,149.4,14070,24.9,1420,2.5,2821,5,2393,4.2,5640,10,...,...,19629,34.7,8845,15.6,3725,6.6,8231,14.6
1976,324640,568.7,2743,4.8,60898,106.7,4836,8.5,11209,19.6,50965,89.3,84556,148.1,13679,24,1389,2.4,2777,4.9,2342,4.1,5361,9.4,...,...,19358,33.9,8253,14.5,3398,6,8042,14.1
1977,317899,551.5,2494,4.3,62684,108.8,4959,8.6,11078,19.2,50485,87.6,83222,144.4,12099,21,1366,2.4,2421,4.2,2147,3.7,5465,9.5,...,...,18550,32.2,7945,13.8,3184,5.5,7970,13.8
1978,320196,550.6,2312,4,64706,111.3,5053,8.7,10717,18.4,52143,89.7,82144,141.3,12588,21.6,1473,2.5,2320,4,2169,3.7,5618,9.7,...,...,18069,31.1,7968,13.7,3208,5.5,7790,13.4
1979,316481,539.8,1842,3.1,66525,113.5,4205,7.2,9282,15.8,53873,91.9,78840,134.5,12097,20.6,1361,2.3,2338,4,2120,3.6,5443,9.3,2918,5,19148,32.7,7890,13.5,3230,5.5,7972,13.6
1980,332157,561.8,1724,2.9,68263,115.5,4449,7.5,9257,15.7,59402,100.5,80667,136.4,14418,24.4,1550,2.6,2500,4.2,2181,3.7,5630,9.5,3437,5.8,20910,35.4,8064,13.6,3191,5.4,7773,13.1
1981,331687,557,1453,2.4,69875,117.3,4539,7.6,9001,15.1,61731,103.7,78841,132.4,14737,24.7,1581,2.7,2546,4.3,2185,3.7,5808,9.8,3742,6.3,19321,32.4,7942,13.3,3250,5.5,7388,12.4
1982,326389,544.4,1413,2.4,71016,118.4,4566,7.6,8215,13.7,61327,102.3,74345,124,15350,25.6,1643,2.7,2426,4,2020,3.4,5761,9.6,4334,7.2,17934,29.9,8151,13.6,3305,5.5,7465,12.5
1983,338806,561.4,1463,2.4,72876,120.8,4698,7.8,8082,13.4,64832,107.4,74249,123,17442,28.9,1723,2.9,2655,4.4,2173,3.6,5915,9.8,4883,8.1,19166,31.8,8407,13.9,3554,5.9,8109,13.4
1984,338027,556.6,1265,2.1,75105,123.7,5027,8.3,7910,13,66580,109.6,71831,118.3,16568,27.3,1811,3,2509,4.1,2086,3.4,5949,9.8,5169,8.5,18656,30.7,8121,13.4,3293,5.4,8093,13.3
1985,344514,562.7,1250,2,77054,125.9,4922,8,7709,12.6,69331,113.2,69707,113.9,19555,31.9,1980,3.2,2564,4.2,2065,3.4,6212,10.1,5699,9.3,18135,29.6,8279,13.5,3569,5.8,8027,13.1
1986,343702,558.8,1058,1.7,78065,126.9,4809,7.8,7134,11.6,70509,114.6,67457,109.7,20517,33.4,1908,3.1,2700,4.4,1930,3.1,6250,10.2,5958,9.7,17681,28.7,8130,13.2,3392,5.5,9168,14.9
1987,343078,555,1063,1.7,80402,130.1,4873,7.9,6644,10.7,71343,115.4,64882,105,21083,34.1,1873,3,2552,4.1,1807,2.9,6233,10.1,6388,10.3,16616,26.9,8131,13.2,3537,5.7,8550,13.8
1988,364920,588,918,1.5,83455,134.5,5078,8.2,6366,10.3,79280,127.7,67863,109.3,24570,39.6,1987,3.2,2561,4.1,1696,2.7,6461,10.4,7241,11.7,17490,28.2,8854,14.3,3831,6.2,8505,13.7
1989,361480,580.3,851,1.4,85414,137.1,4812,7.7,5785,9.3,78930,126.7,63714,102.3,25493,40.9,1954,3.1,2506,4,1670,2.7,6581,10.6,7529,12.1,15904,25.5,9201,14.8,4165,6.7,8186,13.1
1990,376587,602.8,919,1.5,87018,139.3,4979,8,5847,9.4,83704,134,64317,103,29598,47.4,2170,3.5,2535,4.1,1682,2.7,6444,10.3,7943,12.7,16133,25.8,9923,15.9,4347,7,7772,12.4
1991,379453,605.4,876,1.4,89252,142.4,5001,8,5673,9.1,85232,136,62708,100,30214,48.2,2227,3.6,2559,4.1,1717,2.7,6704,10.7,7919,12.6,15524,24.8,10276,16.4,4345,6.9,7398,11.8
1992,391099,622,833,1.3,92243,146.7,5065,8.1,5514,8.8,89162,141.8,62627,99.6,31946,50.8,2220,3.5,2621,4.2,1664,2.6,6768,10.8,8822,14,15748,25,11071,17.6,4393,7,7377,11.7
1993,402070,637.6,825,1.3,93485,148.3,5267,8.4,5243,8.3,91988,145.9,63515,100.7,35341,56,2299,3.6,2747,4.4,1715,2.7,6644,10.5,8732,13.8,15791,25,11320,18,4273,6.8,6976,11.1
1994,399853,632.4,804,1.3,96774,153.1,5596,8.9,5114,8.1,80711,127.6,64729,102.4,36415,57.6,2435,3.9,2545,4,1722,2.7,6410,10.1,9002,14.2,16131,25.5,12033,19,4276,6.8,6865,10.9
1995,420863,664,911,1.4,103399,163.1,7118,11.2,5195,8.2,69488,109.6,76965,121.4,37210,58.7,2959,4.7,3201,5.1,2040,3.2,5442,8.6,8387,13.2,14809,23.4,17094,27,4375,6.9,7189,11.3
1996,407606,641,794,1.2,106359,167.2,6444,10.1,4632,7.3,69252,108.9,73887,116.2,32499,51.1,2728,4.3,2687,4.2,1831,2.9,5319,8.4,8708,13.7,14506,22.8,13699,21.5,4173,6.6,7285,11.5
1997,415606,651.9,787,1.2,108337,169.9,6075,9.5,4347,6.8,70398,110.4,72907,114.4,36590,57.4,2700,4.2,2634,4.1,1749,2.7,5222,8.2,8901,14,15050,23.6,13729,21.5,4157,6.5,7593,11.9
1998,424356,663.7,818,1.3,111615,174.6,6113,9.6,4356,6.8,71986,112.6,72290,113.1,37289,58.3,2684,4.2,2400,3.8,1740,2.7,4966,7.8,8907,13.9,15081,23.6,13941,21.8,3912,6.1,9406,14.7
1999,447253,698,821,1.3,114739,179.1,6287,9.8,4274,6.7,77100,120.3,72537,113.2,44091,68.8,2746,4.3,2559,4,1803,2.8,5131,8,9395,14.7,16229,25.3,14528,22.7,3922,6.1,9011,14.1
2000,435750,679.5,780,1.2,116344,181.4,5814,9.1,3900,6.1,74585,116.3,69402,108.2,40216,62.7,2640,4.1,2173,3.4,1708,2.7,5011,7.8,9231,14.4,15196,23.7,14322,22.3,3785,5.9,8595,13.4
2001,441563,686.6,776,1.2,119265,185.4,5779,9,3755,5.8,75565,117.5,68710,106.8,39549,61.5,2700,4.2,1928,3,1765,2.7,4937,7.7,9488,14.8,16051,25,14503,22.6,3680,5.7,8290,12.9
2002,447074,694,733,1.1,120535,187.1,6004,9.3,3513,5.5,77532,120.4,68028,105.6,40388,62.7,2544,3.9,1899,2.9,1651,2.6,4958,7.7,9757,15.1,16473,25.6,14360,22.3,3572,5.5,8272,12.8
2003,463205,717.9,722,1.1,122631,190.1,6170,9.6,3581,5.6,81556,126.4,68793,106.6,44328,68.7,2576,4,1855,2.9,1615,2.5,5034,7.8,10135,15.7,17161,26.6,14745,22.9,3348,5.2,8713,13.5
2004,471505,730.1,775,1.2,127262,197.1,5943,9.2,3640,5.6,82160,127.2,67508,104.5,44228,68.5,2449,3.8,1707,2.6,1489,2.3,5180,8,10311,16,17954,27.8,14526,22.5,3196,4.9,8292,12.8
2005,498826,772.3,717,1.1,129338,200.3,6490,10,3690,5.7,89146,138,69190,107.1,49931,77.3,2460,3.8,1633,2.5,1593,2.5,5423,8.4,11065,17.1,19677,30.5,15272,23.6,3013,4.7,8317,12.9
2006,503081,778.9,752,1.2,131262,203.2,6382,9.9,3715,5.8,90214,139.7,66920,103.6,50670,78.5,2455,3.8,1488,2.3,1479,2.3,5358,8.3,11444,17.7,20892,32.3,14941,23.1,2790,4.3,8502,13.2
2007,515550,798.4,736,1.1,133725,207.1,6604,10.2,3821,5.9,92449,143.2,66049,102.3,51584,79.9,2389,3.7,1405,2.2,1425,2.2,5487,8.5,11704,18.1,23241,36,15300,23.7,2709,4.2,8820,13.7
2008,533696,827.1,753,1.2,136609,211.7,6844,10.6,3910,6.1,95789,148.5,65902,102.1,53974,83.7,2327,3.6,1263,2,1496,2.3,5653,8.8,12088,18.7,27224,42.2,15352,23.8,2308,3.6,8683,13.5
2009,532823,826.3,802,1.2,137753,213.6,6588,10.2,3957,6.1,95202,147.6,63057,97.8,52115,80.8,2238,3.5,1205,1.9,1387,2.2,5506,8.5,12027,18.7,29369,45.5,15168,23.5,2299,3.6,8518,13.2
2010,563313,869.2,791,1.2,142064,219.2,6802,10.5,4243,6.5,100557,155.2,63275,97.6,55319,85.4,2218,3.4,1167,1.8,1398,2.2,5597,8.6,12690,19.6,34555,53.3,16757,25.9,2351,3.6,8526,13.2
2011,596526,921.6,817,1.3,144115,222.7,6926,10.7,4407,6.8,103628,160.1,64251,99.3,58148,89.8,2125,3.3,1215,1.9,1360,2.1,5746,8.9,12939,20,39717,61.4,26933,41.6,2163,3.3,8992,13.9
2012,600833,929.7,831,1.3,145853,225.7,6847,10.6,4523,7,105860,163.8,62977,97.4,57539,89,2071,3.2,1105,1.7,1435,2.2,5539,8.6,13272,20.5,45982,71.1,17317,26.8,2120,3.3,7948,12.3
2013,609753,945.1,841,1.3,147897,229.2,6518,10.1,4508,7,105278,163.2,61629,95.5,56607,87.7,1863,2.9,1034,1.6,1240,1.9,5570,8.6,13098,20.3,52900,82,16531,25.6,1941,3,7905,12.3
2014,612685,951.5,849,1.3,149707,232.5,6404,9.9,4295,6.7,104652,162.5,59214,92,54870,85.2,1667,2.6,960,1.5,1186,1.8,5661,8.8,12841,19.9,57075,88.6,16468,25.6,1794,2.8,7542,11.7
2015,623782,970.2,787,1.2,150847,234.6,6203,9.6,4121,6.4,103981,161.7,58398,90.8,55348,86.1,1631,2.5,938,1.5,1155,1.8,5643,8.8,12653,19.7,63922,99.4,16188,25.2,1760,2.7,6950,10.8
2016,633212,987,759,1.2,153242,238.9,6239,9.7,4123,6.4,104617,163.1,56635,88.3,53685,83.7,1512,2.4,887,1.4,1130,1.8,5664,8.8,12387,19.3,69748,108.7,16241,25.3,1613,2.5,6379,9.9
2017,649797,1015.7,883,1.4,152949,239.1,6240,9.8,5654,8.8,108538,169.7,56698,88.6,43716,68.3,1676,2.6,1153,1.8,1110,1.7,6039,9.4,12566,19.6,75601,118.2,17239,26.9,1612,2.5,6132,9.6
2018,663332,1040.3,902,1.4,154959,243,6350,10,5634,8.8,110186,172.8,55788,87.5,42503,66.7,1567,2.5,991,1.6,1134,1.8,6063,9.5,12851,20.2,81405,127.7,17563,27.5,1440,2.3,6180,9.7
2019,673672,1060.5,914,1.4,156086,245.7,6231,9.8,5578,8.8,109504,172.4,54784,86.2,42442,66.8,1452,2.3,926,1.5,1072,1.7,6037,9.5,13071,20.6,90141,141.9,16790,26.4,1328,2.1,5757,9.1
